/*

Copy of v0.6.6/000022_dump_v0.6.6.up.sql

*/

--
-- PostgreSQL database dump
--

-- Dumped from database version 13.7 (Debian 13.7-0+deb11u1)
-- Dumped by pg_dump version 13.7 (Debian 13.7-0+deb11u1)

SET statement_timeout = 0;
SET lock_timeout = 0;
SET idle_in_transaction_session_timeout = 0;
SET client_encoding = 'UTF8';
SET standard_conforming_strings = on;
-- Setting search_path breaks fixtures lacking schema () in queries.
-- SELECT pg_catalog.set_config('search_path', '', false);
SET check_function_bodies = false;
SET xmloption = content;
SET client_min_messages = warning;
SET row_security = off;

--
-- Data for Name: users; Type: TABLE DATA; Schema: public; Owner: coder
--

INSERT INTO users VALUES ('30095c71-380b-457a-8995-97b8ee6e5307', 'admin@coder.com', 'admin', '\x2470626b6466322d736861323536243635353335247671694c624664385450734355445664376f723653512479686362786c436d485855327965356e616b4a73416e4868316642576447544b48732f2b6a426b4a716377466e2b362f77376f61354632444e35596458584131425639442f43714f7a7541485a652f6f4a4d674d3451', '2022-11-02 13:02:55.13827+02', '2022-11-02 13:02:55.13827+02', 'active', '{admin}') ON CONFLICT DO NOTHING;
INSERT INTO users VALUES ('0ed9befc-4911-4ccf-a8e2-559bf72daa94', 'oauthuser1@coder.com', 'oauthuser1', '\x', '2022-11-02 13:05:21.445455+02', '2022-11-02 13:05:21.445455+02', 'active', '{}') ON CONFLICT DO NOTHING;


--
-- Data for Name: api_keys; Type: TABLE DATA; Schema: public; Owner: coder
--

INSERT INTO api_keys VALUES ('WEG2T4MNno', '\x50ae3bffeac2d2a30e3a7534ca67400c4190c513f2044b5721954b72a1b66ca0', '30095c71-380b-457a-8995-97b8ee6e5307', '2022-11-02 13:03:25.653862+02', '2022-11-03 13:02:55.340963+02', '2022-11-02 13:02:55.340964+02', '2022-11-02 13:02:55.340964+02', 'password', '', '', '', '0001-01-01 01:39:49+01:39:49', 86400) ON CONFLICT DO NOTHING;
INSERT INTO api_keys VALUES ('peuLZhMXt4', '\x665200a4744e4f318551a7ca6944e070774e8903a680e8a0a592e0f2c328efb3', '0ed9befc-4911-4ccf-a8e2-559bf72daa94', '2022-11-02 13:05:21.681575+02', '2022-11-03 13:05:21.449566+02', '2022-11-02 13:05:21.449567+02', '2022-11-02 13:05:21.449567+02', 'github', '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', '', '', '0001-01-01 01:39:49+01:39:49', 86400) ON CONFLICT DO NOTHING;


--
-- Data for Name: audit_logs; Type: TABLE DATA; Schema: public; Owner: coder
--



--
-- Data for Name: files; Type: TABLE DATA; Schema: public; Owner: coder
--

INSERT INTO files VALUES ('5cedf49ccf841e2d6a7f84e18c86f38aad8b50495c032d19226118b91addf196', '2022-11-02 13:03:31.667863+02', '30095c71-380b-457a-8995-97b8ee6e5307', 'application/x-tar', '\x524541444d452e6d64000000000000000000000000000000000000000000000000000000000000000000000000000000000000000000000000000000000000000000000000000000000000000000000000000000000000000000000000000000000000003030303036343400303030313735300030303031373530003030303030303031333636003134333330343437313532003031313733360020300000000000000000000000000000000000000000000000000000000000000000000000000000000000000000000000000000000000000000000000000000000000000000000000000000000000000000000000000000000000000000000000000000000075737461720030306d616600000000000000000000000000000000000000000000000000000000006d616600000000000000000000000000000000000000000000000000000000003030303030303000303030303030300000000000000000000000000000000000000000000000000000000000000000000000000000000000000000000000000000000000000000000000000000000000000000000000000000000000000000000000000000000000000000000000000000000000000000000000000000000000000000000000000000000000000000000000000000000000000000000000000000000000000000000000000000000000000000000000002d2d2d0a6e616d653a20446576656c6f7020636f64652d73657276657220696e20446f636b65720a6465736372697074696f6e3a2052756e20636f64652d73657276657220696e206120446f636b657220646576656c6f706d656e7420656e7669726f6e6d656e740a746167733a205b6c6f63616c2c20646f636b65725d0a2d2d2d0a0a2320636f64652d73657276657220696e20446f636b65720a0a23232047657474696e6720737461727465640a0a52756e2060636f6465722074656d706c6174657320696e69746020616e642073656c65637420746869732074656d706c6174652e20466f6c6c6f772074686520696e737472756374696f6e732074686174206170706561722e0a0a232320537570706f7274656420506172616d65746572730a0a596f752063616e2063726561746520612066696c6520636f6e7461696e696e6720706172616d657465727320616e6420706173732074686520617267756d656e740a602d2d706172616d657465722d66696c656020746f2060636f6465722074656d706c6174657320637265617465602e0a5365652060706172616d732e73616d706c652e79616d6c6020666f72206d6f726520696e666f726d6174696f6e2e0a0a546869732074656d706c617465206861732074686520666f6c6c6f77696e6720707265646566696e656420706172616d65746572733a0a0a2d2060646f636b65725f686f7374603a205061746820746f20286f722061646472657373206f66292074686520446f636b657220736f636b65742e0a20203e20596f752063616e2064657465726d696e652074686520636f72726563742076616c756520666f7220746869732062792072756e6e696e670a20203e2060646f636b657220636f6e74657874206c73602e0a2d2060646f636b65725f61726368603a20417263686974656374757265206f662074686520686f73742072756e6e696e6720446f636b65722e0a2020546869732063616e2062652060616d643634602c206061726d3634602c206f72206061726d7637602e0a00000000000000000000000000000000000000000000000000000000000000000000000000000000000000000000000000000000000000000000000000000000000000000000000000000000000000000000000000000000000000000000000000000000000000000000000000000000000000000000000000000000000000000000000000000000000000000000000000000000000000000000000000000000000000000000000000000000000000000000000000000000000000000000000000000000000000000000000000000000000000000000000000000000000000000000000000000000000000000000000000000000000000000000000000000000000000000000000000006d61696e2e74660000000000000000000000000000000000000000000000000000000000000000000000000000000000000000000000000000000000000000000000000000000000000000000000000000000000000000000000000000000000000000003030303036343400303030313735300030303031373530003030303030303034323631003134333330343437313532003031313733330020300000000000000000000000000000000000000000000000000000000000000000000000000000000000000000000000000000000000000000000000000000000000000000000000000000000000000000000000000000000000000000000000000000000075737461720030306d616600000000000000000000000000000000000000000000000000000000006d616600000000000000000000000000000000000000000000000000000000003030303030303000303030303030300000000000000000000000000000000000000000000000000000000000000000000000000000000000000000000000000000000000000000000000000000000000000000000000000000000000000000000000000000000000000000000000000000000000000000000000000000000000000000000000000000000000000000000000000000000000000000000000000000000000000000000000000000000000000000000000007465727261666f726d207b0a202072657175697265645f70726f766964657273207b0a20202020636f646572203d207b0a202020202020736f7572636520203d2022636f6465722f636f646572220a20202020202076657273696f6e203d2022302e352e30220a202020207d0a20202020646f636b6572203d207b0a202020202020736f7572636520203d20226b7265757a7765726b65722f646f636b6572220a20202020202076657273696f6e203d20227e3e20322e32302e32220a202020207d0a20207d0a7d0a0a646174612022636f6465725f70726f766973696f6e65722220226d6522207b0a7d0a0a70726f76696465722022646f636b657222207b0a7d0a0a646174612022636f6465725f776f726b73706163652220226d6522207b0a7d0a0a7265736f757263652022636f6465725f6167656e742220226d61696e22207b0a20206172636820202020202020202020203d20646174612e636f6465725f70726f766973696f6e65722e6d652e617263680a20206f73202020202020202020202020203d20226c696e7578220a2020737461727475705f736372697074203d2022636f64652d736572766572202d2d61757468206e6f6e65220a0a20202320546865736520656e7669726f6e6d656e74207661726961626c657320616c6c6f7720796f7520746f206d616b652047697420636f6d6d6974732072696768742061776179206166746572206372656174696e6720610a20202320776f726b73706163652e204e6f7465207468617420746865792074616b6520707265636564656e6365206f76657220636f6e66696775726174696f6e20646566696e656420696e207e2f2e676974636f6e666967210a20202320596f752063616e2072656d6f7665207468697320626c6f636b20696620796f7527642070726566657220746f20636f6e66696775726520476974206d616e75616c6c79206f72207573696e670a20202320646f7466696c65732e202873656520646f63732f646f7466696c65732e6d64290a2020656e76203d207b0a202020204749545f415554484f525f4e414d4520202020203d2022247b646174612e636f6465725f776f726b73706163652e6d652e6f776e65727d220a202020204749545f434f4d4d49545445525f4e414d4520203d2022247b646174612e636f6465725f776f726b73706163652e6d652e6f776e65727d220a202020204749545f415554484f525f454d41494c202020203d2022247b646174612e636f6465725f776f726b73706163652e6d652e6f776e65725f656d61696c7d220a202020204749545f434f4d4d49545445525f454d41494c203d2022247b646174612e636f6465725f776f726b73706163652e6d652e6f776e65725f656d61696c7d220a20207d0a7d0a0a7265736f757263652022636f6465725f617070222022636f64652d73657276657222207b0a20206167656e745f6964203d20636f6465725f6167656e742e6d61696e2e69640a202075726c2020202020203d2022687474703a2f2f6c6f63616c686f73743a383038302f3f666f6c6465723d2f686f6d652f636f646572220a202069636f6e20202020203d20222f69636f6e2f636f64652e737667220a0a20206865616c7468636865636b207b0a2020202075726c202020202020203d2022687474703a2f2f6c6f63616c686f73743a383038302f6865616c74687a220a20202020696e74657276616c20203d20330a202020207468726573686f6c64203d2031300a20207d0a7d0a0a7265736f757263652022646f636b65725f766f6c756d65222022686f6d655f766f6c756d6522207b0a20206e616d65203d2022636f6465722d247b646174612e636f6465725f776f726b73706163652e6d652e6f776e65727d2d247b646174612e636f6465725f776f726b73706163652e6d652e6e616d657d2d726f6f74220a7d0a0a7265736f757263652022646f636b65725f636f6e7461696e6572222022776f726b737061636522207b0a2020636f756e74203d20646174612e636f6465725f776f726b73706163652e6d652e73746172745f636f756e740a2020696d616765203d2022636f646572636f6d2f636f64652d7365727665723a6c6174657374220a2020232055736573206c6f776572282920746f2061766f696420446f636b6572207265737472696374696f6e206f6e20636f6e7461696e6572206e616d65732e0a20206e616d6520202020203d2022636f6465722d247b646174612e636f6465725f776f726b73706163652e6d652e6f776e65727d2d247b6c6f77657228646174612e636f6465725f776f726b73706163652e6d652e6e616d65297d220a2020686f73746e616d65203d206c6f77657228646174612e636f6465725f776f726b73706163652e6d652e6e616d65290a2020646e732020202020203d205b22312e312e312e31225d0a202023205573652074686520646f636b6572206761746577617920696620746865206163636573732055524c206973203132372e302e302e310a2020656e747279706f696e74203d205b227368222c20222d63222c207265706c61636528636f6465725f6167656e742e6d61696e2e696e69745f7363726970742c20222f6c6f63616c686f73747c3132375c5c2e305c5c2e305c5c2e312f222c2022686f73742e646f636b65722e696e7465726e616c22295d0a2020656e7620202020202020203d205b22434f4445525f4147454e545f544f4b454e3d247b636f6465725f6167656e742e6d61696e2e746f6b656e7d225d0a2020686f7374207b0a20202020686f7374203d2022686f73742e646f636b65722e696e7465726e616c220a2020202069702020203d2022686f73742d67617465776179220a20207d0a2020766f6c756d6573207b0a20202020636f6e7461696e65725f70617468203d20222f686f6d652f636f6465722f220a20202020766f6c756d655f6e616d65202020203d20646f636b65725f766f6c756d652e686f6d655f766f6c756d652e6e616d650a20202020726561645f6f6e6c792020202020203d2066616c73650a20207d0a7d0a0000000000000000000000000000000000000000000000000000000000000000000000000000000000000000000000000000000000000000000000000000000000000000000000000000000000000000000000000000000000000000000000000000000000000000000000000000000000000000000000000000000000000000000000000000000000000000000000000000000000000000000000000000000000000000000000000000000000000000000000000000000000000000000000000000000000000000000000000000000000000000000000000000000000000000000000000000000000000000000000000000000000000000000000000000000000000000000000000000000000000000000000000000000000000000000000000000000000000000000000000000000000000000000000000000000000000000000000000000000000000000000000706172616d732e73616d706c652e79616d6c000000000000000000000000000000000000000000000000000000000000000000000000000000000000000000000000000000000000000000000000000000000000000000000000000000000000000000003030303036343400303030313735300030303031373530003030303030303030313030003134333330343437313532003031343036370020300000000000000000000000000000000000000000000000000000000000000000000000000000000000000000000000000000000000000000000000000000000000000000000000000000000000000000000000000000000000000000000000000000000075737461720030306d616600000000000000000000000000000000000000000000000000000000006d61660000000000000000000000000000000000000000000000000000000000303030303030300030303030303030000000000000000000000000000000000000000000000000000000000000000000000000000000000000000000000000000000000000000000000000000000000000000000000000000000000000000000000000000000000000000000000000000000000000000000000000000000000000000000000000000000000000000000000000000000000000000000000000000000000000000000000000000000000000000000000000646f636b65725f686f73743a2022756e69783a2f2f2f7661722f72756e2f646f636b65722e736f636b220a646f636b65725f617263683a2022616d643634220a00000000000000000000000000000000000000000000000000000000000000000000000000000000000000000000000000000000000000000000000000000000000000000000000000000000000000000000000000000000000000000000000000000000000000000000000000000000000000000000000000000000000000000000000000000000000000000000000000000000000000000000000000000000000000000000000000000000000000000000000000000000000000000000000000000000000000000000000000000000000000000000000000000000000000000000000000000000000000000000000000000000000000000000000000000000000000000000000000000000000000000000000000000000000000000000000000000000000000000000000000000000000000000000000000000000000000000000000000000000000000000000000000000000000000000000000000000000000000000000000000000000000000000000000000000000000000000000000000000000000000000000000000000000000000000000000000000000000000000000000000000000000000000000000000000000000000000000000000000000') ON CONFLICT DO NOTHING;


--
-- Data for Name: gitsshkeys; Type: TABLE DATA; Schema: public; Owner: coder
--

INSERT INTO gitsshkeys VALUES ('30095c71-380b-457a-8995-97b8ee6e5307', '2022-11-02 13:02:55.237442+02', '2022-11-02 13:02:55.237442+02', '-----BEGIN OPENSSH PRIVATE KEY-----
b3BlbnNzaC1rZXktdjEAAAAABG5vbmUAAAAEbm9uZQAAAAAAAAABAAAAMwAAAAtz
c2gtZWQyNTUxOQAAACD3vPanWRzQc0b00kDF3Lj5tNU6zigkbI587uzMatB5lQAA
AIiOWWpljllqZQAAAAtzc2gtZWQyNTUxOQAAACD3vPanWRzQc0b00kDF3Lj5tNU6
zigkbI587uzMatB5lQAAAEDqxZbolLslJedJBJJoKcmHRvfX8Za6Q5PRYDp0Uwys
qPe89qdZHNBzRvTSQMXcuPm01TrOKCRsjnzu7Mxq0HmVAAAAAAECAwQF
-----END OPENSSH PRIVATE KEY-----
', 'ssh-ed25519 AAAAC3NzaC1lZDI1NTE5AAAAIPe89qdZHNBzRvTSQMXcuPm01TrOKCRsjnzu7Mxq0HmV
') ON CONFLICT DO NOTHING;
INSERT INTO gitsshkeys VALUES ('0ed9befc-4911-4ccf-a8e2-559bf72daa94', '2022-11-02 13:05:21.446353+02', '2022-11-02 13:07:03.586482+02', '-----BEGIN OPENSSH PRIVATE KEY-----
b3BlbnNzaC1rZXktdjEAAAAABG5vbmUAAAAEbm9uZQAAAAAAAAABAAAAMwAAAAtz
c2gtZWQyNTUxOQAAACCMB3az+6SAPpM1KJp5E/7lvpORrjnwUGdAkY+d7sMhXQAA
AIgXCxlfFwsZXwAAAAtzc2gtZWQyNTUxOQAAACCMB3az+6SAPpM1KJp5E/7lvpOR
rjnwUGdAkY+d7sMhXQAAAEDz5g3MLo7+BjJs0b/Qz8MhhIQHALViV49dsX2yjR4F
rowHdrP7pIA+kzUomnkT/uW+k5GuOfBQZ0CRj53uwyFdAAAAAAECAwQF
-----END OPENSSH PRIVATE KEY-----
', 'ssh-ed25519 AAAAC3NzaC1lZDI1NTE5AAAAIIwHdrP7pIA+kzUomnkT/uW+k5GuOfBQZ0CRj53uwyFd
') ON CONFLICT DO NOTHING;


--
-- Data for Name: licenses; Type: TABLE DATA; Schema: public; Owner: coder
--



--
-- Data for Name: organizations; Type: TABLE DATA; Schema: public; Owner: coder
--

INSERT INTO organizations VALUES ('bb640d07-ca8a-4869-b6bc-ae61ebb2fda1', 'admin', '', '2022-11-02 13:02:55.136653+02', '2022-11-02 13:02:55.136653+02') ON CONFLICT DO NOTHING;


--
-- Data for Name: organization_members; Type: TABLE DATA; Schema: public; Owner: coder
--

INSERT INTO organization_members VALUES ('30095c71-380b-457a-8995-97b8ee6e5307', 'bb640d07-ca8a-4869-b6bc-ae61ebb2fda1', '2022-11-02 13:02:55.238286+02', '2022-11-02 13:02:55.238286+02', '{organization-admin:bb640d07-ca8a-4869-b6bc-ae61ebb2fda1}') ON CONFLICT DO NOTHING;
INSERT INTO organization_members VALUES ('0ed9befc-4911-4ccf-a8e2-559bf72daa94', 'bb640d07-ca8a-4869-b6bc-ae61ebb2fda1', '2022-11-02 13:05:21.447595+02', '2022-11-02 13:05:21.447595+02', '{}') ON CONFLICT DO NOTHING;


--
-- Data for Name: provisioner_jobs; Type: TABLE DATA; Schema: public; Owner: coder
--

INSERT INTO provisioner_jobs VALUES ('424a58cb-61d6-4627-9907-613c396c4a38', '2022-11-02 13:06:03.554876+02', '2022-11-02 13:06:08.668806+02', '2022-11-02 13:06:03.928629+02', NULL, '2022-11-02 13:06:08.659881+02', NULL, 'bb640d07-ca8a-4869-b6bc-ae61ebb2fda1', '0ed9befc-4911-4ccf-a8e2-559bf72daa94', 'terraform', 'file', '5cedf49ccf841e2d6a7f84e18c86f38aad8b50495c032d19226118b91addf196', 'workspace_build', '{"dry_run": false, "workspace_build_id": "a7477610-c69b-46d6-97fb-d6a3425e1ab4"}', '22c3662c-60eb-408b-99e1-85b447c2b7e5') ON CONFLICT DO NOTHING;
INSERT INTO provisioner_jobs VALUES ('52874f66-89cc-4e6b-8066-80ba21ad9e57', '2022-11-02 13:09:51.763412+02', '2022-11-02 13:09:54.75528+02', '2022-11-02 13:09:51.92866+02', NULL, '2022-11-02 13:09:54.750397+02', NULL, 'bb640d07-ca8a-4869-b6bc-ae61ebb2fda1', '0ed9befc-4911-4ccf-a8e2-559bf72daa94', 'terraform', 'file', '5cedf49ccf841e2d6a7f84e18c86f38aad8b50495c032d19226118b91addf196', 'workspace_build', '{"dry_run": false, "workspace_build_id": "b56215f2-3b5e-406a-ac54-41c284dc9af3"}', 'e70c7dd0-bba3-4ab8-bfe1-f75e42c67e37') ON CONFLICT DO NOTHING;
INSERT INTO provisioner_jobs VALUES ('d6ec4737-feaa-446e-aa14-8b2b98b59bf9', '2022-11-02 13:04:55.223922+02', '2022-11-02 13:04:58.770357+02', '2022-11-02 13:04:55.428757+02', NULL, '2022-11-02 13:04:58.762854+02', NULL, 'bb640d07-ca8a-4869-b6bc-ae61ebb2fda1', '30095c71-380b-457a-8995-97b8ee6e5307', 'terraform', 'file', '5cedf49ccf841e2d6a7f84e18c86f38aad8b50495c032d19226118b91addf196', 'workspace_build', '{"dry_run": false, "workspace_build_id": "c1d2c9d5-6f30-4cd0-9ac5-6bf1c6039988"}', 'e70c7dd0-bba3-4ab8-bfe1-f75e42c67e37') ON CONFLICT DO NOTHING;
INSERT INTO provisioner_jobs VALUES ('452e84e3-6847-4fcc-b8b2-ee43cd1f37fc', '2022-11-02 13:08:07.135318+02', '2022-11-02 13:08:10.808446+02', '2022-11-02 13:08:07.428275+02', NULL, '2022-11-02 13:08:10.801894+02', NULL, 'bb640d07-ca8a-4869-b6bc-ae61ebb2fda1', '0ed9befc-4911-4ccf-a8e2-559bf72daa94', 'terraform', 'file', '5cedf49ccf841e2d6a7f84e18c86f38aad8b50495c032d19226118b91addf196', 'workspace_build', '{"dry_run": false, "workspace_build_id": "cd6fe03b-d6cf-4d5d-a448-cef52c3ddea2"}', '22c3662c-60eb-408b-99e1-85b447c2b7e5') ON CONFLICT DO NOTHING;
INSERT INTO provisioner_jobs VALUES ('104c5815-7bd2-4d09-b76c-00c61b95f0a6', '2022-11-02 13:04:48.072314+02', '2022-11-02 13:04:51.51136+02', '2022-11-02 13:04:48.428806+02', NULL, '2022-11-02 13:04:51.504973+02', NULL, 'bb640d07-ca8a-4869-b6bc-ae61ebb2fda1', '30095c71-380b-457a-8995-97b8ee6e5307', 'terraform', 'file', '5cedf49ccf841e2d6a7f84e18c86f38aad8b50495c032d19226118b91addf196', 'workspace_build', '{"dry_run": false, "workspace_build_id": "ea36844d-8eb6-41a2-a237-e9a8ae3f99ea"}', '22c3662c-60eb-408b-99e1-85b447c2b7e5') ON CONFLICT DO NOTHING;
INSERT INTO provisioner_jobs VALUES ('f1392ef5-2502-4474-9f0c-98b5cad6edf0', '2022-11-02 13:03:31.675595+02', '2022-11-02 13:03:45.057747+02', '2022-11-02 13:03:31.928784+02', NULL, '2022-11-02 13:03:45.055613+02', NULL, 'bb640d07-ca8a-4869-b6bc-ae61ebb2fda1', '30095c71-380b-457a-8995-97b8ee6e5307', 'terraform', 'file', '5cedf49ccf841e2d6a7f84e18c86f38aad8b50495c032d19226118b91addf196', 'template_version_import', '{}', '22c3662c-60eb-408b-99e1-85b447c2b7e5') ON CONFLICT DO NOTHING;
INSERT INTO provisioner_jobs VALUES ('52a90399-a53d-4644-be3c-47ee18a5716e', '2022-11-02 13:04:19.044082+02', '2022-11-02 13:04:22.830929+02', '2022-11-02 13:04:19.428129+02', NULL, '2022-11-02 13:04:22.821799+02', NULL, 'bb640d07-ca8a-4869-b6bc-ae61ebb2fda1', '30095c71-380b-457a-8995-97b8ee6e5307', 'terraform', 'file', '5cedf49ccf841e2d6a7f84e18c86f38aad8b50495c032d19226118b91addf196', 'workspace_build', '{"dry_run": false, "workspace_build_id": "a8c0b8c5-c9a8-4f33-93a4-8142e6858244"}', 'e70c7dd0-bba3-4ab8-bfe1-f75e42c67e37') ON CONFLICT DO NOTHING;
INSERT INTO provisioner_jobs VALUES ('3013ee6d-3c8f-4dcf-8271-01fd1e88aba6', '2022-11-02 13:04:11.3012+02', '2022-11-02 13:04:14.077613+02', '2022-11-02 13:04:11.428743+02', NULL, '2022-11-02 13:04:14.075961+02', NULL, 'bb640d07-ca8a-4869-b6bc-ae61ebb2fda1', '30095c71-380b-457a-8995-97b8ee6e5307', 'terraform', 'file', '5cedf49ccf841e2d6a7f84e18c86f38aad8b50495c032d19226118b91addf196', 'template_version_dry_run', '{"workspace_name": "my-workspace", "parameter_values": [], "template_version_id": "920baba5-4c64-4686-8b7d-d1bef5683eae"}', 'e70c7dd0-bba3-4ab8-bfe1-f75e42c67e37') ON CONFLICT DO NOTHING;
INSERT INTO provisioner_jobs VALUES ('4de9c41c-eb10-435a-8742-e8725e926a9d', '2022-11-02 13:05:40.181124+02', '2022-11-02 13:05:43.884672+02', '2022-11-02 13:05:40.428424+02', NULL, '2022-11-02 13:05:43.877519+02', NULL, 'bb640d07-ca8a-4869-b6bc-ae61ebb2fda1', '0ed9befc-4911-4ccf-a8e2-559bf72daa94', 'terraform', 'file', '5cedf49ccf841e2d6a7f84e18c86f38aad8b50495c032d19226118b91addf196', 'workspace_build', '{"dry_run": false, "workspace_build_id": "c7c0a371-db1e-4f10-ab34-6779f573554c"}', 'e70c7dd0-bba3-4ab8-bfe1-f75e42c67e37') ON CONFLICT DO NOTHING;
INSERT INTO provisioner_jobs VALUES ('f042af17-e3a2-4194-af67-e416302bc860', '2022-11-02 13:07:52.489029+02', '2022-11-02 13:07:57.535327+02', '2022-11-02 13:07:52.928569+02', NULL, '2022-11-02 13:07:57.53319+02', NULL, 'bb640d07-ca8a-4869-b6bc-ae61ebb2fda1', '30095c71-380b-457a-8995-97b8ee6e5307', 'terraform', 'file', '5cedf49ccf841e2d6a7f84e18c86f38aad8b50495c032d19226118b91addf196', 'template_version_import', '{}', 'e70c7dd0-bba3-4ab8-bfe1-f75e42c67e37') ON CONFLICT DO NOTHING;
INSERT INTO provisioner_jobs VALUES ('d842dc52-93b9-46ed-842d-d1569b50ddfc', '2022-11-02 13:10:42.103996+02', '2022-11-02 13:10:45.613609+02', '2022-11-02 13:10:42.428688+02', NULL, '2022-11-02 13:10:45.606436+02', NULL, 'bb640d07-ca8a-4869-b6bc-ae61ebb2fda1', '30095c71-380b-457a-8995-97b8ee6e5307', 'terraform', 'file', '5cedf49ccf841e2d6a7f84e18c86f38aad8b50495c032d19226118b91addf196', 'workspace_build', '{"dry_run": false, "workspace_build_id": "2bfa1945-e81f-44e4-8f41-394200f6cb30"}', 'e70c7dd0-bba3-4ab8-bfe1-f75e42c67e37') ON CONFLICT DO NOTHING;


--
-- Data for Name: parameter_schemas; Type: TABLE DATA; Schema: public; Owner: coder
--



--
-- Data for Name: parameter_values; Type: TABLE DATA; Schema: public; Owner: coder
--



--
-- Data for Name: provisioner_daemons; Type: TABLE DATA; Schema: public; Owner: coder
--

INSERT INTO provisioner_daemons VALUES ('22c3662c-60eb-408b-99e1-85b447c2b7e5', '2022-11-02 13:02:32.925313+02', NULL, 'gallant_mahavira7', '{echo,terraform}') ON CONFLICT DO NOTHING;
INSERT INTO provisioner_daemons VALUES ('e70c7dd0-bba3-4ab8-bfe1-f75e42c67e37', '2022-11-02 13:02:32.92604+02', NULL, 'brave_borg8', '{echo,terraform}') ON CONFLICT DO NOTHING;
INSERT INTO provisioner_daemons VALUES ('315adce9-adc9-407c-9ff7-905c1c71d020', '2022-11-02 13:02:32.926164+02', NULL, 'lucid_lederberg6', '{echo,terraform}') ON CONFLICT DO NOTHING;
INSERT INTO provisioner_daemons VALUES ('a6246fc1-23f3-4206-ad2d-ff6f85b017b4', '2022-11-02 13:10:56.115722+02', NULL, 'trusting_lamport1', '{echo,terraform}') ON CONFLICT DO NOTHING;
INSERT INTO provisioner_daemons VALUES ('fc5728a8-e0f9-47a8-a00e-31943fc46b29', '2022-11-02 13:10:56.121368+02', NULL, 'wizardly_lumiere8', '{echo,terraform}') ON CONFLICT DO NOTHING;
INSERT INTO provisioner_daemons VALUES ('0a6664b4-07a8-461c-9275-637b1da715bb', '2022-11-02 13:10:56.123247+02', NULL, 'eager_einstein5', '{echo,terraform}') ON CONFLICT DO NOTHING;


--
-- Data for Name: provisioner_job_logs; Type: TABLE DATA; Schema: public; Owner: coder
--

INSERT INTO provisioner_job_logs VALUES ('d09b6083-e482-41ac-ad06-3aa731ec4fc6', 'f1392ef5-2502-4474-9f0c-98b5cad6edf0', '2022-11-02 13:03:31.936+02', 'provisioner_daemon', 'info', 'Setting up', '') ON CONFLICT DO NOTHING;
INSERT INTO provisioner_job_logs VALUES ('fe61a03b-d5b2-4ba4-a437-253ea724d149', 'f1392ef5-2502-4474-9f0c-98b5cad6edf0', '2022-11-02 13:03:31.943+02', 'provisioner_daemon', 'info', 'Adding README.md...', '') ON CONFLICT DO NOTHING;
INSERT INTO provisioner_job_logs VALUES ('1badda17-67b2-4795-9351-6a2cee04c22a', 'f1392ef5-2502-4474-9f0c-98b5cad6edf0', '2022-11-02 13:03:31.949+02', 'provisioner_daemon', 'info', 'Parse parameters', '') ON CONFLICT DO NOTHING;
INSERT INTO provisioner_job_logs VALUES ('80b05e59-1fdb-48cf-99ed-27ed0aba8ecc', 'f1392ef5-2502-4474-9f0c-98b5cad6edf0', '2022-11-02 13:03:31.956+02', 'provisioner_daemon', 'info', 'Detecting persistent resources', '') ON CONFLICT DO NOTHING;
INSERT INTO provisioner_job_logs VALUES ('4a5c2ec6-c2e2-4136-9423-14cdff1d6f13', 'f1392ef5-2502-4474-9f0c-98b5cad6edf0', '2022-11-02 13:03:32.046+02', 'provisioner', 'debug', 'Detecting persistent resources', '') ON CONFLICT DO NOTHING;
INSERT INTO provisioner_job_logs VALUES ('7da3c668-9812-47b7-9d22-43138800a307', 'f1392ef5-2502-4474-9f0c-98b5cad6edf0', '2022-11-02 13:03:32.05+02', 'provisioner', 'debug', 'Detecting persistent resources', 'Initializing the backend...') ON CONFLICT DO NOTHING;
INSERT INTO provisioner_job_logs VALUES ('2f752172-65f0-4a43-9378-c5d0997eca76', 'f1392ef5-2502-4474-9f0c-98b5cad6edf0', '2022-11-02 13:03:32.054+02', 'provisioner', 'debug', 'Detecting persistent resources', '') ON CONFLICT DO NOTHING;
INSERT INTO provisioner_job_logs VALUES ('f6c293ae-a496-40c2-ab8e-b7d64aca4bdb', 'f1392ef5-2502-4474-9f0c-98b5cad6edf0', '2022-11-02 13:03:32.057+02', 'provisioner', 'debug', 'Detecting persistent resources', 'Initializing provider plugins...') ON CONFLICT DO NOTHING;
INSERT INTO provisioner_job_logs VALUES ('15948e16-e69b-47c2-821e-6c0b375dccd8', 'f1392ef5-2502-4474-9f0c-98b5cad6edf0', '2022-11-02 13:03:32.059+02', 'provisioner', 'debug', 'Detecting persistent resources', '- Finding kreuzwerker/docker versions matching "~> 2.20.2"...') ON CONFLICT DO NOTHING;
INSERT INTO provisioner_job_logs VALUES ('62d872e4-9a8c-4cc5-9f21-083bfcb6a03c', 'f1392ef5-2502-4474-9f0c-98b5cad6edf0', '2022-11-02 13:03:32.28+02', 'provisioner', 'debug', 'Detecting persistent resources', '- Finding coder/coder versions matching "0.5.0"...') ON CONFLICT DO NOTHING;
INSERT INTO provisioner_job_logs VALUES ('bce64698-1b64-4ef6-94b7-b5fd071b31e8', 'f1392ef5-2502-4474-9f0c-98b5cad6edf0', '2022-11-02 13:03:33.826+02', 'provisioner', 'debug', 'Detecting persistent resources', '- Installing coder/coder v0.5.0...') ON CONFLICT DO NOTHING;
INSERT INTO provisioner_job_logs VALUES ('35c436dd-3beb-4c5d-9f8a-16198d2fbcb7', 'f1392ef5-2502-4474-9f0c-98b5cad6edf0', '2022-11-02 13:03:36.186+02', 'provisioner', 'debug', 'Detecting persistent resources', '- Installed coder/coder v0.5.0 (self-signed, key ID 93C75807601AA0EC)') ON CONFLICT DO NOTHING;
INSERT INTO provisioner_job_logs VALUES ('aa80ec91-8b8f-4268-88a4-111e5b368bf9', 'f1392ef5-2502-4474-9f0c-98b5cad6edf0', '2022-11-02 13:03:37.718+02', 'provisioner', 'debug', 'Detecting persistent resources', '- Installing kreuzwerker/docker v2.20.3...') ON CONFLICT DO NOTHING;
INSERT INTO provisioner_job_logs VALUES ('e322b727-fddf-4d31-b0ad-fe9fb0532586', 'f1392ef5-2502-4474-9f0c-98b5cad6edf0', '2022-11-02 13:03:40.978+02', 'provisioner', 'debug', 'Detecting persistent resources', '- Installed kreuzwerker/docker v2.20.3 (self-signed, key ID BD080C4571C6104C)') ON CONFLICT DO NOTHING;
INSERT INTO provisioner_job_logs VALUES ('26cac587-a5c7-4691-bab4-0fa1436724c3', 'f1392ef5-2502-4474-9f0c-98b5cad6edf0', '2022-11-02 13:03:40.984+02', 'provisioner', 'debug', 'Detecting persistent resources', '') ON CONFLICT DO NOTHING;
INSERT INTO provisioner_job_logs VALUES ('b192bac6-94a0-4e89-8d88-eba6c1028abe', 'f1392ef5-2502-4474-9f0c-98b5cad6edf0', '2022-11-02 13:03:40.988+02', 'provisioner', 'debug', 'Detecting persistent resources', 'Partner and community providers are signed by their developers.') ON CONFLICT DO NOTHING;
INSERT INTO provisioner_job_logs VALUES ('57162911-66a9-4597-a289-643724057e2d', 'f1392ef5-2502-4474-9f0c-98b5cad6edf0', '2022-11-02 13:03:40.992+02', 'provisioner', 'debug', 'Detecting persistent resources', 'If you''d like to know more about provider signing, you can read about it here:') ON CONFLICT DO NOTHING;
INSERT INTO provisioner_job_logs VALUES ('19227832-c872-4d8d-b610-c649da56984e', 'f1392ef5-2502-4474-9f0c-98b5cad6edf0', '2022-11-02 13:03:40.996+02', 'provisioner', 'debug', 'Detecting persistent resources', 'https://www.terraform.io/docs/cli/plugins/signing.html') ON CONFLICT DO NOTHING;
INSERT INTO provisioner_job_logs VALUES ('dce2aa32-5dbd-4c04-af85-c7ef585dca6a', 'f1392ef5-2502-4474-9f0c-98b5cad6edf0', '2022-11-02 13:03:41+02', 'provisioner', 'debug', 'Detecting persistent resources', '') ON CONFLICT DO NOTHING;
INSERT INTO provisioner_job_logs VALUES ('6e220907-0654-46dc-bb56-212153032d5e', 'f1392ef5-2502-4474-9f0c-98b5cad6edf0', '2022-11-02 13:03:41.003+02', 'provisioner', 'debug', 'Detecting persistent resources', 'Terraform has created a lock file .terraform.lock.hcl to record the provider') ON CONFLICT DO NOTHING;
INSERT INTO provisioner_job_logs VALUES ('8da2943d-7295-43a6-b560-e946c127b0a0', 'f1392ef5-2502-4474-9f0c-98b5cad6edf0', '2022-11-02 13:03:41.006+02', 'provisioner', 'debug', 'Detecting persistent resources', 'selections it made above. Include this file in your version control repository') ON CONFLICT DO NOTHING;
INSERT INTO provisioner_job_logs VALUES ('79b02372-6db4-4cd6-8c69-c94e9ef2fb5b', 'f1392ef5-2502-4474-9f0c-98b5cad6edf0', '2022-11-02 13:03:41.009+02', 'provisioner', 'debug', 'Detecting persistent resources', 'so that Terraform can guarantee to make the same selections by default when') ON CONFLICT DO NOTHING;
INSERT INTO provisioner_job_logs VALUES ('4b810053-fde0-4579-b2fa-f3a80d9f3f5f', 'f1392ef5-2502-4474-9f0c-98b5cad6edf0', '2022-11-02 13:03:41.012+02', 'provisioner', 'debug', 'Detecting persistent resources', 'you run "terraform init" in the future.') ON CONFLICT DO NOTHING;
INSERT INTO provisioner_job_logs VALUES ('76a7934d-b410-4ccc-a57e-1329aefe0203', 'f1392ef5-2502-4474-9f0c-98b5cad6edf0', '2022-11-02 13:03:41.015+02', 'provisioner', 'debug', 'Detecting persistent resources', '') ON CONFLICT DO NOTHING;
INSERT INTO provisioner_job_logs VALUES ('133aa0b6-4da8-48e4-9428-62f6b7635510', 'f1392ef5-2502-4474-9f0c-98b5cad6edf0', '2022-11-02 13:03:41.018+02', 'provisioner', 'debug', 'Detecting persistent resources', 'Terraform has been successfully initialized!') ON CONFLICT DO NOTHING;
INSERT INTO provisioner_job_logs VALUES ('a0ed73d5-e07a-4b3a-8046-8fdaefc1dacb', 'f1392ef5-2502-4474-9f0c-98b5cad6edf0', '2022-11-02 13:03:41.027+02', 'provisioner', 'info', 'Detecting persistent resources', 'Terraform 1.2.8') ON CONFLICT DO NOTHING;
INSERT INTO provisioner_job_logs VALUES ('8b67db19-e012-461d-a538-d1dea4f91ef4', 'f1392ef5-2502-4474-9f0c-98b5cad6edf0', '2022-11-02 13:03:41.781+02', 'provisioner', 'info', 'Detecting persistent resources', 'data.coder_workspace.me: Refreshing...') ON CONFLICT DO NOTHING;
INSERT INTO provisioner_job_logs VALUES ('60637ec5-5231-4407-b62d-13e44074eb7f', 'f1392ef5-2502-4474-9f0c-98b5cad6edf0', '2022-11-02 13:03:41.784+02', 'provisioner', 'info', 'Detecting persistent resources', 'data.coder_provisioner.me: Refreshing...') ON CONFLICT DO NOTHING;
INSERT INTO provisioner_job_logs VALUES ('c3ed554e-b395-4adf-8642-f7596a71c4cc', 'f1392ef5-2502-4474-9f0c-98b5cad6edf0', '2022-11-02 13:03:41.787+02', 'provisioner', 'info', 'Detecting persistent resources', 'data.coder_provisioner.me: Refresh complete after 0s [id=20990c34-2afd-4e54-bfa3-9b7e5beea09e]') ON CONFLICT DO NOTHING;
INSERT INTO provisioner_job_logs VALUES ('8b988379-c1e4-442b-9232-65fd926eecff', 'f1392ef5-2502-4474-9f0c-98b5cad6edf0', '2022-11-02 13:03:41.791+02', 'provisioner', 'info', 'Detecting persistent resources', 'data.coder_workspace.me: Refresh complete after 0s [id=fc8ca501-3820-427d-92c5-d8ca4fd45362]') ON CONFLICT DO NOTHING;
INSERT INTO provisioner_job_logs VALUES ('9a4e58db-512e-42db-9349-29ebef3c750f', 'f1392ef5-2502-4474-9f0c-98b5cad6edf0', '2022-11-02 13:03:41.816+02', 'provisioner', 'info', 'Detecting persistent resources', 'docker_volume.home_volume: Plan to create') ON CONFLICT DO NOTHING;
INSERT INTO provisioner_job_logs VALUES ('45f82833-a53c-49ca-be8e-1545917d7062', 'f1392ef5-2502-4474-9f0c-98b5cad6edf0', '2022-11-02 13:03:41.82+02', 'provisioner', 'info', 'Detecting persistent resources', 'coder_agent.main: Plan to create') ON CONFLICT DO NOTHING;
INSERT INTO provisioner_job_logs VALUES ('5c0eb2ac-825d-4ad8-bed8-63d59266030e', 'f1392ef5-2502-4474-9f0c-98b5cad6edf0', '2022-11-02 13:03:41.823+02', 'provisioner', 'info', 'Detecting persistent resources', 'coder_app.code-server: Plan to create') ON CONFLICT DO NOTHING;
INSERT INTO provisioner_job_logs VALUES ('9fd0dc4c-e75d-47ac-9676-2e4182da7edd', 'f1392ef5-2502-4474-9f0c-98b5cad6edf0', '2022-11-02 13:03:41.826+02', 'provisioner', 'info', 'Detecting persistent resources', 'docker_container.workspace[0]: Plan to create') ON CONFLICT DO NOTHING;
INSERT INTO provisioner_job_logs VALUES ('b9a391a5-117f-45e0-9a2c-89b13c32d201', 'f1392ef5-2502-4474-9f0c-98b5cad6edf0', '2022-11-02 13:03:41.829+02', 'provisioner', 'info', 'Detecting persistent resources', 'Plan: 4 to add, 0 to change, 0 to destroy.') ON CONFLICT DO NOTHING;
INSERT INTO provisioner_job_logs VALUES ('7470c318-e457-4b2c-b61d-4fbab6f84fc3', 'f1392ef5-2502-4474-9f0c-98b5cad6edf0', '2022-11-02 13:03:42.617+02', 'provisioner_daemon', 'info', 'Detecting ephemeral resources', '') ON CONFLICT DO NOTHING;
INSERT INTO provisioner_job_logs VALUES ('975d23d1-aa43-4efc-b533-55a07e8cc3bf', 'f1392ef5-2502-4474-9f0c-98b5cad6edf0', '2022-11-02 13:03:42.705+02', 'provisioner', 'debug', 'Detecting ephemeral resources', '') ON CONFLICT DO NOTHING;
INSERT INTO provisioner_job_logs VALUES ('f4cad918-2fb0-46a2-b64a-daa899b659fe', 'f1392ef5-2502-4474-9f0c-98b5cad6edf0', '2022-11-02 13:03:42.708+02', 'provisioner', 'debug', 'Detecting ephemeral resources', 'Initializing the backend...') ON CONFLICT DO NOTHING;
INSERT INTO provisioner_job_logs VALUES ('dc6331d7-41a8-4f65-8a89-da54638b5aa0', 'f1392ef5-2502-4474-9f0c-98b5cad6edf0', '2022-11-02 13:03:42.846+02', 'provisioner', 'debug', 'Detecting ephemeral resources', '') ON CONFLICT DO NOTHING;
INSERT INTO provisioner_job_logs VALUES ('ca307075-af47-4fa5-9d3b-4744acc7a0ac', 'f1392ef5-2502-4474-9f0c-98b5cad6edf0', '2022-11-02 13:03:42.851+02', 'provisioner', 'debug', 'Detecting ephemeral resources', 'Initializing provider plugins...') ON CONFLICT DO NOTHING;
INSERT INTO provisioner_job_logs VALUES ('61df6634-b81b-4fde-b7cb-13ed3f97b210', 'f1392ef5-2502-4474-9f0c-98b5cad6edf0', '2022-11-02 13:03:42.855+02', 'provisioner', 'debug', 'Detecting ephemeral resources', '- Reusing previous version of coder/coder from the dependency lock file') ON CONFLICT DO NOTHING;
INSERT INTO provisioner_job_logs VALUES ('9f227da4-3fa0-4d7d-a65e-38ccf06bba2f', 'f1392ef5-2502-4474-9f0c-98b5cad6edf0', '2022-11-02 13:03:43.06+02', 'provisioner', 'debug', 'Detecting ephemeral resources', '- Reusing previous version of kreuzwerker/docker from the dependency lock file') ON CONFLICT DO NOTHING;
INSERT INTO provisioner_job_logs VALUES ('e79c1b3c-5db1-48fd-ac61-3fb667e3fc97', 'f1392ef5-2502-4474-9f0c-98b5cad6edf0', '2022-11-02 13:03:43.319+02', 'provisioner', 'debug', 'Detecting ephemeral resources', '- Using previously-installed coder/coder v0.5.0') ON CONFLICT DO NOTHING;
INSERT INTO provisioner_job_logs VALUES ('28ec8811-7aaa-460c-b6e2-a9b85eb46b4b', 'f1392ef5-2502-4474-9f0c-98b5cad6edf0', '2022-11-02 13:03:43.405+02', 'provisioner', 'debug', 'Detecting ephemeral resources', '- Using previously-installed kreuzwerker/docker v2.20.3') ON CONFLICT DO NOTHING;
INSERT INTO provisioner_job_logs VALUES ('cef26c13-8a06-4ae6-946f-216db5cc0996', 'f1392ef5-2502-4474-9f0c-98b5cad6edf0', '2022-11-02 13:03:43.411+02', 'provisioner', 'debug', 'Detecting ephemeral resources', '') ON CONFLICT DO NOTHING;
INSERT INTO provisioner_job_logs VALUES ('fe2bc9eb-b7ea-4d20-8d7a-b2be1d3c450a', 'f1392ef5-2502-4474-9f0c-98b5cad6edf0', '2022-11-02 13:03:43.415+02', 'provisioner', 'debug', 'Detecting ephemeral resources', 'Terraform has been successfully initialized!') ON CONFLICT DO NOTHING;
INSERT INTO provisioner_job_logs VALUES ('d49391ed-7b60-459e-8fe5-4dd4783f6629', 'f1392ef5-2502-4474-9f0c-98b5cad6edf0', '2022-11-02 13:03:43.45+02', 'provisioner', 'info', 'Detecting ephemeral resources', 'Terraform 1.2.8') ON CONFLICT DO NOTHING;
INSERT INTO provisioner_job_logs VALUES ('25f8cf7f-4cee-4891-9f14-4e32002e6661', 'f1392ef5-2502-4474-9f0c-98b5cad6edf0', '2022-11-02 13:03:44.179+02', 'provisioner', 'info', 'Detecting ephemeral resources', 'data.coder_provisioner.me: Refreshing...') ON CONFLICT DO NOTHING;
INSERT INTO provisioner_job_logs VALUES ('ca6ad386-5647-49e3-9b05-0f4cdfd35b01', 'f1392ef5-2502-4474-9f0c-98b5cad6edf0', '2022-11-02 13:03:44.184+02', 'provisioner', 'info', 'Detecting ephemeral resources', 'data.coder_workspace.me: Refreshing...') ON CONFLICT DO NOTHING;
INSERT INTO provisioner_job_logs VALUES ('aece424c-595e-4ad8-a1cc-0938d037a3cb', 'f1392ef5-2502-4474-9f0c-98b5cad6edf0', '2022-11-02 13:03:44.187+02', 'provisioner', 'info', 'Detecting ephemeral resources', 'data.coder_provisioner.me: Refresh complete after 0s [id=ccf0bb8b-fca5-408f-b4a6-93434185c25a]') ON CONFLICT DO NOTHING;
INSERT INTO provisioner_job_logs VALUES ('f345b9bd-429e-468f-aea4-8c11709991da', 'f1392ef5-2502-4474-9f0c-98b5cad6edf0', '2022-11-02 13:03:44.19+02', 'provisioner', 'info', 'Detecting ephemeral resources', 'data.coder_workspace.me: Refresh complete after 0s [id=5e7ca627-de78-4542-a964-acda3f038ced]') ON CONFLICT DO NOTHING;
INSERT INTO provisioner_job_logs VALUES ('31b0cf2d-4a8b-4860-86d7-ec9fc5e58abc', 'f1392ef5-2502-4474-9f0c-98b5cad6edf0', '2022-11-02 13:03:44.208+02', 'provisioner', 'info', 'Detecting ephemeral resources', 'coder_agent.main: Plan to create') ON CONFLICT DO NOTHING;
INSERT INTO provisioner_job_logs VALUES ('602d137a-eaad-4b34-9a5a-e2169adf1b17', 'f1392ef5-2502-4474-9f0c-98b5cad6edf0', '2022-11-02 13:03:44.212+02', 'provisioner', 'info', 'Detecting ephemeral resources', 'coder_app.code-server: Plan to create') ON CONFLICT DO NOTHING;
INSERT INTO provisioner_job_logs VALUES ('d5cc54cf-0390-4fa7-9ff5-3bcd15cbe351', 'f1392ef5-2502-4474-9f0c-98b5cad6edf0', '2022-11-02 13:03:44.216+02', 'provisioner', 'info', 'Detecting ephemeral resources', 'docker_volume.home_volume: Plan to create') ON CONFLICT DO NOTHING;
INSERT INTO provisioner_job_logs VALUES ('a2f6c1a8-05ff-45a8-ac0e-490f7dc0b7b1', 'f1392ef5-2502-4474-9f0c-98b5cad6edf0', '2022-11-02 13:03:45.056+02', 'provisioner_daemon', 'info', 'Cleaning Up', '') ON CONFLICT DO NOTHING;
INSERT INTO provisioner_job_logs VALUES ('2dbe9812-907b-4344-b602-14c680fd460c', 'f1392ef5-2502-4474-9f0c-98b5cad6edf0', '2022-11-02 13:03:44.222+02', 'provisioner', 'info', 'Detecting ephemeral resources', 'Plan: 3 to add, 0 to change, 0 to destroy.') ON CONFLICT DO NOTHING;
INSERT INTO provisioner_job_logs VALUES ('377e167e-4133-40d8-b62b-e33369c5ed55', '3013ee6d-3c8f-4dcf-8271-01fd1e88aba6', '2022-11-02 13:04:11.437+02', 'provisioner_daemon', 'info', 'Setting up', '') ON CONFLICT DO NOTHING;
INSERT INTO provisioner_job_logs VALUES ('6d970dad-4051-42d8-847c-07320fb9b110', '3013ee6d-3c8f-4dcf-8271-01fd1e88aba6', '2022-11-02 13:04:11.525+02', 'provisioner', 'debug', 'Detecting persistent resources', '') ON CONFLICT DO NOTHING;
INSERT INTO provisioner_job_logs VALUES ('501f4bab-6eb3-4278-9192-7ae725943418', '3013ee6d-3c8f-4dcf-8271-01fd1e88aba6', '2022-11-02 13:04:11.528+02', 'provisioner', 'debug', 'Detecting persistent resources', 'Initializing the backend...') ON CONFLICT DO NOTHING;
INSERT INTO provisioner_job_logs VALUES ('80e17591-51fe-4fda-aa90-18caa59d1b7d', '3013ee6d-3c8f-4dcf-8271-01fd1e88aba6', '2022-11-02 13:04:11.533+02', 'provisioner', 'debug', 'Detecting persistent resources', '') ON CONFLICT DO NOTHING;
INSERT INTO provisioner_job_logs VALUES ('bdd4192d-9f9d-4300-8b4e-f1f12a8479a8', '3013ee6d-3c8f-4dcf-8271-01fd1e88aba6', '2022-11-02 13:04:11.536+02', 'provisioner', 'debug', 'Detecting persistent resources', 'Initializing provider plugins...') ON CONFLICT DO NOTHING;
INSERT INTO provisioner_job_logs VALUES ('b46e6002-1277-4d2b-88a6-97f2f250766e', '3013ee6d-3c8f-4dcf-8271-01fd1e88aba6', '2022-11-02 13:04:11.542+02', 'provisioner', 'debug', 'Detecting persistent resources', '- Finding coder/coder versions matching "0.5.0"...') ON CONFLICT DO NOTHING;
INSERT INTO provisioner_job_logs VALUES ('b251b96c-368b-4be2-982e-621372dd1f0e', '3013ee6d-3c8f-4dcf-8271-01fd1e88aba6', '2022-11-02 13:04:12.072+02', 'provisioner', 'debug', 'Detecting persistent resources', '- Finding kreuzwerker/docker versions matching "~> 2.20.2"...') ON CONFLICT DO NOTHING;
INSERT INTO provisioner_job_logs VALUES ('294bdb11-4229-46a0-a926-34590373e945', '3013ee6d-3c8f-4dcf-8271-01fd1e88aba6', '2022-11-02 13:04:12.155+02', 'provisioner', 'debug', 'Detecting persistent resources', '- Using coder/coder v0.5.0 from the shared cache directory') ON CONFLICT DO NOTHING;
INSERT INTO provisioner_job_logs VALUES ('70eab552-5fe7-491a-a275-22059e959ccb', '3013ee6d-3c8f-4dcf-8271-01fd1e88aba6', '2022-11-02 13:04:12.212+02', 'provisioner', 'debug', 'Detecting persistent resources', '- Using kreuzwerker/docker v2.20.3 from the shared cache directory') ON CONFLICT DO NOTHING;
INSERT INTO provisioner_job_logs VALUES ('c32727e1-ca44-405a-9419-038107c4bc96', '3013ee6d-3c8f-4dcf-8271-01fd1e88aba6', '2022-11-02 13:04:12.285+02', 'provisioner', 'debug', 'Detecting persistent resources', '') ON CONFLICT DO NOTHING;
INSERT INTO provisioner_job_logs VALUES ('9e3ae09c-09bc-4a27-b271-9446198fb60e', '3013ee6d-3c8f-4dcf-8271-01fd1e88aba6', '2022-11-02 13:04:12.293+02', 'provisioner', 'debug', 'Detecting persistent resources', 'Terraform has created a lock file .terraform.lock.hcl to record the provider') ON CONFLICT DO NOTHING;
INSERT INTO provisioner_job_logs VALUES ('9d2d3770-f969-4796-9d65-6cc903593d52', '3013ee6d-3c8f-4dcf-8271-01fd1e88aba6', '2022-11-02 13:04:12.299+02', 'provisioner', 'debug', 'Detecting persistent resources', 'selections it made above. Include this file in your version control repository') ON CONFLICT DO NOTHING;
INSERT INTO provisioner_job_logs VALUES ('4fdc748e-938c-4809-9125-caae1c44fd74', '3013ee6d-3c8f-4dcf-8271-01fd1e88aba6', '2022-11-02 13:04:12.302+02', 'provisioner', 'debug', 'Detecting persistent resources', 'so that Terraform can guarantee to make the same selections by default when') ON CONFLICT DO NOTHING;
INSERT INTO provisioner_job_logs VALUES ('57b70064-827e-4763-b8a0-473f99797b48', '3013ee6d-3c8f-4dcf-8271-01fd1e88aba6', '2022-11-02 13:04:12.306+02', 'provisioner', 'debug', 'Detecting persistent resources', 'you run "terraform init" in the future.') ON CONFLICT DO NOTHING;
INSERT INTO provisioner_job_logs VALUES ('781a7128-f401-48e3-a752-4f5d3c636ead', '3013ee6d-3c8f-4dcf-8271-01fd1e88aba6', '2022-11-02 13:04:12.309+02', 'provisioner', 'debug', 'Detecting persistent resources', '') ON CONFLICT DO NOTHING;
INSERT INTO provisioner_job_logs VALUES ('71dbe7ee-7537-4cf3-8f33-8c309ebe8b7e', '3013ee6d-3c8f-4dcf-8271-01fd1e88aba6', '2022-11-02 13:04:12.313+02', 'provisioner', 'debug', 'Detecting persistent resources', '') ON CONFLICT DO NOTHING;
INSERT INTO provisioner_job_logs VALUES ('360f1a19-7904-440a-a539-6f035169d093', '3013ee6d-3c8f-4dcf-8271-01fd1e88aba6', '2022-11-02 13:04:12.317+02', 'provisioner', 'debug', 'Detecting persistent resources', 'Warning: Incomplete lock file information for providers') ON CONFLICT DO NOTHING;
INSERT INTO provisioner_job_logs VALUES ('df6ba6d2-fada-4b68-a8a6-978fdc7b55e2', '3013ee6d-3c8f-4dcf-8271-01fd1e88aba6', '2022-11-02 13:04:12.32+02', 'provisioner', 'debug', 'Detecting persistent resources', '') ON CONFLICT DO NOTHING;
INSERT INTO provisioner_job_logs VALUES ('bfc96ab3-fa05-416f-b21e-c58a3ab123f2', '3013ee6d-3c8f-4dcf-8271-01fd1e88aba6', '2022-11-02 13:04:12.323+02', 'provisioner', 'debug', 'Detecting persistent resources', 'Due to your customized provider installation methods, Terraform was forced to') ON CONFLICT DO NOTHING;
INSERT INTO provisioner_job_logs VALUES ('44a12cb2-da79-469f-b971-c4bf32fe406e', '3013ee6d-3c8f-4dcf-8271-01fd1e88aba6', '2022-11-02 13:04:12.327+02', 'provisioner', 'debug', 'Detecting persistent resources', 'calculate lock file checksums locally for the following providers:') ON CONFLICT DO NOTHING;
INSERT INTO provisioner_job_logs VALUES ('299f3930-0423-4e75-ae4a-526e37f481c5', '3013ee6d-3c8f-4dcf-8271-01fd1e88aba6', '2022-11-02 13:04:12.33+02', 'provisioner', 'debug', 'Detecting persistent resources', '  - coder/coder') ON CONFLICT DO NOTHING;
INSERT INTO provisioner_job_logs VALUES ('b6bffd24-8365-4a00-98ed-1e1f978aca49', '3013ee6d-3c8f-4dcf-8271-01fd1e88aba6', '2022-11-02 13:04:12.333+02', 'provisioner', 'debug', 'Detecting persistent resources', '  - kreuzwerker/docker') ON CONFLICT DO NOTHING;
INSERT INTO provisioner_job_logs VALUES ('0422f763-da4f-4552-9562-144927bec94d', '3013ee6d-3c8f-4dcf-8271-01fd1e88aba6', '2022-11-02 13:04:12.336+02', 'provisioner', 'debug', 'Detecting persistent resources', '') ON CONFLICT DO NOTHING;
INSERT INTO provisioner_job_logs VALUES ('aab83530-7dcd-49bd-b981-5c29cd9674d3', '3013ee6d-3c8f-4dcf-8271-01fd1e88aba6', '2022-11-02 13:04:12.339+02', 'provisioner', 'debug', 'Detecting persistent resources', 'The current .terraform.lock.hcl file only includes checksums for linux_amd64,') ON CONFLICT DO NOTHING;
INSERT INTO provisioner_job_logs VALUES ('3089607c-329c-4ee7-88dc-e9f48318e52f', '3013ee6d-3c8f-4dcf-8271-01fd1e88aba6', '2022-11-02 13:04:12.342+02', 'provisioner', 'debug', 'Detecting persistent resources', 'so Terraform running on another platform will fail to install these') ON CONFLICT DO NOTHING;
INSERT INTO provisioner_job_logs VALUES ('a20e18c7-daa9-4e40-9ed9-9c11a2ccf5b1', '3013ee6d-3c8f-4dcf-8271-01fd1e88aba6', '2022-11-02 13:04:12.346+02', 'provisioner', 'debug', 'Detecting persistent resources', 'providers.') ON CONFLICT DO NOTHING;
INSERT INTO provisioner_job_logs VALUES ('582dbda6-f79c-43d5-b215-2da3b13bd406', '3013ee6d-3c8f-4dcf-8271-01fd1e88aba6', '2022-11-02 13:04:12.351+02', 'provisioner', 'debug', 'Detecting persistent resources', '') ON CONFLICT DO NOTHING;
INSERT INTO provisioner_job_logs VALUES ('b6cf795f-35e7-45ee-98d0-8be04d7ad6fe', '3013ee6d-3c8f-4dcf-8271-01fd1e88aba6', '2022-11-02 13:04:12.356+02', 'provisioner', 'debug', 'Detecting persistent resources', 'To calculate additional checksums for another platform, run:') ON CONFLICT DO NOTHING;
INSERT INTO provisioner_job_logs VALUES ('f36be7f7-a6c2-40d1-9722-ae8e4d920a08', '3013ee6d-3c8f-4dcf-8271-01fd1e88aba6', '2022-11-02 13:04:12.359+02', 'provisioner', 'debug', 'Detecting persistent resources', '  terraform providers lock -platform=linux_amd64') ON CONFLICT DO NOTHING;
INSERT INTO provisioner_job_logs VALUES ('3c03dd84-79e1-4abf-9900-05613cc82664', '3013ee6d-3c8f-4dcf-8271-01fd1e88aba6', '2022-11-02 13:04:12.363+02', 'provisioner', 'debug', 'Detecting persistent resources', '(where linux_amd64 is the platform to generate)') ON CONFLICT DO NOTHING;
INSERT INTO provisioner_job_logs VALUES ('4cbcab55-cb60-4982-90f7-be05ffac7566', '3013ee6d-3c8f-4dcf-8271-01fd1e88aba6', '2022-11-02 13:04:12.366+02', 'provisioner', 'debug', 'Detecting persistent resources', '') ON CONFLICT DO NOTHING;
INSERT INTO provisioner_job_logs VALUES ('3d553c50-de3b-4770-8bed-2792c6981362', '3013ee6d-3c8f-4dcf-8271-01fd1e88aba6', '2022-11-02 13:04:12.369+02', 'provisioner', 'debug', 'Detecting persistent resources', 'Terraform has been successfully initialized!') ON CONFLICT DO NOTHING;
INSERT INTO provisioner_job_logs VALUES ('1137030a-bfda-4391-8b17-6a1c1a5e2749', '3013ee6d-3c8f-4dcf-8271-01fd1e88aba6', '2022-11-02 13:04:12.373+02', 'provisioner', 'info', 'Detecting persistent resources', 'Terraform 1.2.8') ON CONFLICT DO NOTHING;
INSERT INTO provisioner_job_logs VALUES ('bc462919-aa4b-452c-b945-35965cf138c5', '3013ee6d-3c8f-4dcf-8271-01fd1e88aba6', '2022-11-02 13:04:13.157+02', 'provisioner', 'info', 'Detecting persistent resources', 'data.coder_workspace.me: Refreshing...') ON CONFLICT DO NOTHING;
INSERT INTO provisioner_job_logs VALUES ('c76057c5-2191-4336-b7fb-f104d3c4054b', '3013ee6d-3c8f-4dcf-8271-01fd1e88aba6', '2022-11-02 13:04:13.162+02', 'provisioner', 'info', 'Detecting persistent resources', 'data.coder_provisioner.me: Refreshing...') ON CONFLICT DO NOTHING;
INSERT INTO provisioner_job_logs VALUES ('5a1771fc-0028-4edb-9bdb-86dcd4c58687', '3013ee6d-3c8f-4dcf-8271-01fd1e88aba6', '2022-11-02 13:04:13.165+02', 'provisioner', 'info', 'Detecting persistent resources', 'data.coder_workspace.me: Refresh complete after 0s [id=13dbb32a-5197-458d-8092-6f00a7df5d19]') ON CONFLICT DO NOTHING;
INSERT INTO provisioner_job_logs VALUES ('f29c2e5d-3392-43c3-ae80-1deeea71f11a', '3013ee6d-3c8f-4dcf-8271-01fd1e88aba6', '2022-11-02 13:04:13.169+02', 'provisioner', 'info', 'Detecting persistent resources', 'data.coder_provisioner.me: Refresh complete after 0s [id=2ab63b5c-7d85-43db-ae90-cdcdd27ca4d6]') ON CONFLICT DO NOTHING;
INSERT INTO provisioner_job_logs VALUES ('f3eb65ac-2be8-4b88-9bb8-618bfd70561b', '3013ee6d-3c8f-4dcf-8271-01fd1e88aba6', '2022-11-02 13:04:13.201+02', 'provisioner', 'info', 'Detecting persistent resources', 'coder_agent.main: Plan to create') ON CONFLICT DO NOTHING;
INSERT INTO provisioner_job_logs VALUES ('739ec94c-4700-4562-80f7-7f254aa8b129', '3013ee6d-3c8f-4dcf-8271-01fd1e88aba6', '2022-11-02 13:04:13.205+02', 'provisioner', 'info', 'Detecting persistent resources', 'coder_app.code-server: Plan to create') ON CONFLICT DO NOTHING;
INSERT INTO provisioner_job_logs VALUES ('f01666b7-4de4-451f-8710-8aa63d32aa8e', '3013ee6d-3c8f-4dcf-8271-01fd1e88aba6', '2022-11-02 13:04:13.209+02', 'provisioner', 'info', 'Detecting persistent resources', 'docker_volume.home_volume: Plan to create') ON CONFLICT DO NOTHING;
INSERT INTO provisioner_job_logs VALUES ('556f3f57-5a46-49da-aac4-66ed5d101e7f', '3013ee6d-3c8f-4dcf-8271-01fd1e88aba6', '2022-11-02 13:04:13.213+02', 'provisioner', 'info', 'Detecting persistent resources', 'docker_container.workspace[0]: Plan to create') ON CONFLICT DO NOTHING;
INSERT INTO provisioner_job_logs VALUES ('55d5e4f7-e80a-4622-9168-7e412651b91e', '3013ee6d-3c8f-4dcf-8271-01fd1e88aba6', '2022-11-02 13:04:13.216+02', 'provisioner', 'info', 'Detecting persistent resources', 'Plan: 4 to add, 0 to change, 0 to destroy.') ON CONFLICT DO NOTHING;
INSERT INTO provisioner_job_logs VALUES ('664fe6c8-1fec-410c-93d8-385e8b65e7d4', '3013ee6d-3c8f-4dcf-8271-01fd1e88aba6', '2022-11-02 13:04:14.076+02', 'provisioner_daemon', 'info', 'Cleaning Up', '') ON CONFLICT DO NOTHING;
INSERT INTO provisioner_job_logs VALUES ('1af37305-2e9f-445d-b3fb-dea1dece403b', '52a90399-a53d-4644-be3c-47ee18a5716e', '2022-11-02 13:04:19.436+02', 'provisioner_daemon', 'info', 'Setting up', '') ON CONFLICT DO NOTHING;
INSERT INTO provisioner_job_logs VALUES ('5da10ab9-a23c-44ea-98bb-865dc706eae2', '52a90399-a53d-4644-be3c-47ee18a5716e', '2022-11-02 13:04:19.44+02', 'provisioner_daemon', 'info', 'Starting workspace', '') ON CONFLICT DO NOTHING;
INSERT INTO provisioner_job_logs VALUES ('7d8d1b95-2660-4724-a2e5-8c0439eff2e7', '52a90399-a53d-4644-be3c-47ee18a5716e', '2022-11-02 13:04:19.534+02', 'provisioner', 'debug', 'Starting workspace', '') ON CONFLICT DO NOTHING;
INSERT INTO provisioner_job_logs VALUES ('89f7bb3f-c495-4567-a188-25c5b41f6e5d', '52a90399-a53d-4644-be3c-47ee18a5716e', '2022-11-02 13:04:19.538+02', 'provisioner', 'debug', 'Starting workspace', 'Initializing the backend...') ON CONFLICT DO NOTHING;
INSERT INTO provisioner_job_logs VALUES ('050649c2-fa47-407a-b871-b9f9a8a48b49', '52a90399-a53d-4644-be3c-47ee18a5716e', '2022-11-02 13:04:19.543+02', 'provisioner', 'debug', 'Starting workspace', '') ON CONFLICT DO NOTHING;
INSERT INTO provisioner_job_logs VALUES ('7d7e19cb-238c-4293-a488-5f61fe83d9d9', '52a90399-a53d-4644-be3c-47ee18a5716e', '2022-11-02 13:04:19.548+02', 'provisioner', 'debug', 'Starting workspace', 'Initializing provider plugins...') ON CONFLICT DO NOTHING;
INSERT INTO provisioner_job_logs VALUES ('daf99de4-753e-4a40-a412-385a97ffe655', '52a90399-a53d-4644-be3c-47ee18a5716e', '2022-11-02 13:04:19.551+02', 'provisioner', 'debug', 'Starting workspace', '- Finding coder/coder versions matching "0.5.0"...') ON CONFLICT DO NOTHING;
INSERT INTO provisioner_job_logs VALUES ('b10105f1-a4ca-473e-a33d-a6755709ac7d', '52a90399-a53d-4644-be3c-47ee18a5716e', '2022-11-02 13:04:19.776+02', 'provisioner', 'debug', 'Starting workspace', '- Finding kreuzwerker/docker versions matching "~> 2.20.2"...') ON CONFLICT DO NOTHING;
INSERT INTO provisioner_job_logs VALUES ('d974959e-0c77-4c38-8302-dbdea5f8b702', '52a90399-a53d-4644-be3c-47ee18a5716e', '2022-11-02 13:04:19.966+02', 'provisioner', 'debug', 'Starting workspace', '- Using coder/coder v0.5.0 from the shared cache directory') ON CONFLICT DO NOTHING;
INSERT INTO provisioner_job_logs VALUES ('3d0f0030-8fdb-4193-9f71-e7648c0b00ca', '52a90399-a53d-4644-be3c-47ee18a5716e', '2022-11-02 13:04:20.023+02', 'provisioner', 'debug', 'Starting workspace', '- Using kreuzwerker/docker v2.20.3 from the shared cache directory') ON CONFLICT DO NOTHING;
INSERT INTO provisioner_job_logs VALUES ('5e93f614-bd73-4fd7-bf0d-85c61e8294dd', '52a90399-a53d-4644-be3c-47ee18a5716e', '2022-11-02 13:04:20.095+02', 'provisioner', 'debug', 'Starting workspace', '') ON CONFLICT DO NOTHING;
INSERT INTO provisioner_job_logs VALUES ('160b7134-0cd1-4c28-b05a-ac7fa6d5d05e', '52a90399-a53d-4644-be3c-47ee18a5716e', '2022-11-02 13:04:20.098+02', 'provisioner', 'debug', 'Starting workspace', 'Terraform has created a lock file .terraform.lock.hcl to record the provider') ON CONFLICT DO NOTHING;
INSERT INTO provisioner_job_logs VALUES ('7b4b1ca6-fe48-4f1b-bd9b-b6ab54b3cccd', '104c5815-7bd2-4d09-b76c-00c61b95f0a6', '2022-11-02 13:04:49.086+02', 'provisioner', 'debug', 'Stopping workspace', '') ON CONFLICT DO NOTHING;
INSERT INTO provisioner_job_logs VALUES ('8a234d62-5d70-450d-ae9e-fd46186a7717', '52a90399-a53d-4644-be3c-47ee18a5716e', '2022-11-02 13:04:20.102+02', 'provisioner', 'debug', 'Starting workspace', 'selections it made above. Include this file in your version control repository') ON CONFLICT DO NOTHING;
INSERT INTO provisioner_job_logs VALUES ('3872d0e7-f5fd-45f9-9027-ec41eacdbc8f', '52a90399-a53d-4644-be3c-47ee18a5716e', '2022-11-02 13:04:20.106+02', 'provisioner', 'debug', 'Starting workspace', 'so that Terraform can guarantee to make the same selections by default when') ON CONFLICT DO NOTHING;
INSERT INTO provisioner_job_logs VALUES ('02eb7d16-8513-4ac8-af9b-bd096faccbe0', '52a90399-a53d-4644-be3c-47ee18a5716e', '2022-11-02 13:04:20.109+02', 'provisioner', 'debug', 'Starting workspace', 'you run "terraform init" in the future.') ON CONFLICT DO NOTHING;
INSERT INTO provisioner_job_logs VALUES ('afefbc98-b47e-4c32-99cc-a2cbe7066d43', '52a90399-a53d-4644-be3c-47ee18a5716e', '2022-11-02 13:04:20.112+02', 'provisioner', 'debug', 'Starting workspace', '') ON CONFLICT DO NOTHING;
INSERT INTO provisioner_job_logs VALUES ('785eef1d-66ce-406e-bf12-5e2e95ffdf4a', '52a90399-a53d-4644-be3c-47ee18a5716e', '2022-11-02 13:04:20.115+02', 'provisioner', 'debug', 'Starting workspace', '') ON CONFLICT DO NOTHING;
INSERT INTO provisioner_job_logs VALUES ('cb782ff3-5ef8-4312-9431-8a44aed28d9d', '52a90399-a53d-4644-be3c-47ee18a5716e', '2022-11-02 13:04:20.118+02', 'provisioner', 'debug', 'Starting workspace', 'Warning: Incomplete lock file information for providers') ON CONFLICT DO NOTHING;
INSERT INTO provisioner_job_logs VALUES ('02003fe3-ac96-4cdc-8683-5042aff7ad81', '52a90399-a53d-4644-be3c-47ee18a5716e', '2022-11-02 13:04:20.122+02', 'provisioner', 'debug', 'Starting workspace', '') ON CONFLICT DO NOTHING;
INSERT INTO provisioner_job_logs VALUES ('2f203901-94d5-4e9d-8988-d06224e9fa0b', '52a90399-a53d-4644-be3c-47ee18a5716e', '2022-11-02 13:04:20.125+02', 'provisioner', 'debug', 'Starting workspace', 'Due to your customized provider installation methods, Terraform was forced to') ON CONFLICT DO NOTHING;
INSERT INTO provisioner_job_logs VALUES ('9d53f365-961a-43df-8a0e-b974649183aa', '52a90399-a53d-4644-be3c-47ee18a5716e', '2022-11-02 13:04:20.129+02', 'provisioner', 'debug', 'Starting workspace', 'calculate lock file checksums locally for the following providers:') ON CONFLICT DO NOTHING;
INSERT INTO provisioner_job_logs VALUES ('3dd1ed46-1de4-4362-bfff-784182b44471', '52a90399-a53d-4644-be3c-47ee18a5716e', '2022-11-02 13:04:20.132+02', 'provisioner', 'debug', 'Starting workspace', '  - coder/coder') ON CONFLICT DO NOTHING;
INSERT INTO provisioner_job_logs VALUES ('c03469d0-08a9-4378-b538-50d6d1d50c79', '52a90399-a53d-4644-be3c-47ee18a5716e', '2022-11-02 13:04:20.135+02', 'provisioner', 'debug', 'Starting workspace', '  - kreuzwerker/docker') ON CONFLICT DO NOTHING;
INSERT INTO provisioner_job_logs VALUES ('c6166453-3033-4d69-a5f0-4856776c76e4', '52a90399-a53d-4644-be3c-47ee18a5716e', '2022-11-02 13:04:20.138+02', 'provisioner', 'debug', 'Starting workspace', '') ON CONFLICT DO NOTHING;
INSERT INTO provisioner_job_logs VALUES ('fa7a0d2f-1bd2-46e9-9f25-8bd45860dd98', '52a90399-a53d-4644-be3c-47ee18a5716e', '2022-11-02 13:04:20.141+02', 'provisioner', 'debug', 'Starting workspace', 'The current .terraform.lock.hcl file only includes checksums for linux_amd64,') ON CONFLICT DO NOTHING;
INSERT INTO provisioner_job_logs VALUES ('a1fd6072-dde6-420c-bf8e-9ebc4d537866', '52a90399-a53d-4644-be3c-47ee18a5716e', '2022-11-02 13:04:20.145+02', 'provisioner', 'debug', 'Starting workspace', 'so Terraform running on another platform will fail to install these') ON CONFLICT DO NOTHING;
INSERT INTO provisioner_job_logs VALUES ('cae1268e-b797-4e97-83cb-95ff016a5a63', '52a90399-a53d-4644-be3c-47ee18a5716e', '2022-11-02 13:04:20.147+02', 'provisioner', 'debug', 'Starting workspace', 'providers.') ON CONFLICT DO NOTHING;
INSERT INTO provisioner_job_logs VALUES ('938f0d99-4dc6-42a1-b6b9-c9e70b450cd5', '52a90399-a53d-4644-be3c-47ee18a5716e', '2022-11-02 13:04:20.15+02', 'provisioner', 'debug', 'Starting workspace', '') ON CONFLICT DO NOTHING;
INSERT INTO provisioner_job_logs VALUES ('3d9d2115-f6ea-40c2-9f56-5075cada0c34', '52a90399-a53d-4644-be3c-47ee18a5716e', '2022-11-02 13:04:20.152+02', 'provisioner', 'debug', 'Starting workspace', 'To calculate additional checksums for another platform, run:') ON CONFLICT DO NOTHING;
INSERT INTO provisioner_job_logs VALUES ('46e2af39-78f2-4a37-824a-0b4f2dc54764', '52a90399-a53d-4644-be3c-47ee18a5716e', '2022-11-02 13:04:20.157+02', 'provisioner', 'debug', 'Starting workspace', '  terraform providers lock -platform=linux_amd64') ON CONFLICT DO NOTHING;
INSERT INTO provisioner_job_logs VALUES ('1ae80356-6b65-4ff6-8230-7cab8a8cfaf9', '52a90399-a53d-4644-be3c-47ee18a5716e', '2022-11-02 13:04:20.161+02', 'provisioner', 'debug', 'Starting workspace', '(where linux_amd64 is the platform to generate)') ON CONFLICT DO NOTHING;
INSERT INTO provisioner_job_logs VALUES ('386b59ce-c30e-4f7d-addc-178e223b1d87', '52a90399-a53d-4644-be3c-47ee18a5716e', '2022-11-02 13:04:20.164+02', 'provisioner', 'debug', 'Starting workspace', '') ON CONFLICT DO NOTHING;
INSERT INTO provisioner_job_logs VALUES ('b18f40d1-f649-4f34-b332-feb6690482da', '52a90399-a53d-4644-be3c-47ee18a5716e', '2022-11-02 13:04:20.168+02', 'provisioner', 'debug', 'Starting workspace', 'Terraform has been successfully initialized!') ON CONFLICT DO NOTHING;
INSERT INTO provisioner_job_logs VALUES ('0747c356-f2ea-49ab-b7ba-292ed9abff7a', '52a90399-a53d-4644-be3c-47ee18a5716e', '2022-11-02 13:04:20.171+02', 'provisioner', 'info', 'Starting workspace', 'Terraform 1.2.8') ON CONFLICT DO NOTHING;
INSERT INTO provisioner_job_logs VALUES ('da54beff-b031-436d-93f0-67f2ff53be96', '52a90399-a53d-4644-be3c-47ee18a5716e', '2022-11-02 13:04:20.94+02', 'provisioner', 'info', 'Starting workspace', 'data.coder_provisioner.me: Refreshing...') ON CONFLICT DO NOTHING;
INSERT INTO provisioner_job_logs VALUES ('78007aad-5614-4d0e-9fa9-ae1307b6240f', '52a90399-a53d-4644-be3c-47ee18a5716e', '2022-11-02 13:04:20.946+02', 'provisioner', 'info', 'Starting workspace', 'data.coder_workspace.me: Refreshing...') ON CONFLICT DO NOTHING;
INSERT INTO provisioner_job_logs VALUES ('3159380d-141a-4d2c-9a69-cbc90c5fe71b', '52a90399-a53d-4644-be3c-47ee18a5716e', '2022-11-02 13:04:20.951+02', 'provisioner', 'info', 'Starting workspace', 'data.coder_workspace.me: Refresh complete after 0s [id=3a9a1feb-e89d-457c-9d53-ac751b198ebe]') ON CONFLICT DO NOTHING;
INSERT INTO provisioner_job_logs VALUES ('6e6a0df4-feb4-4339-87ce-ccf48ff873db', '52a90399-a53d-4644-be3c-47ee18a5716e', '2022-11-02 13:04:20.956+02', 'provisioner', 'info', 'Starting workspace', 'data.coder_provisioner.me: Refresh complete after 0s [id=17cc17af-8bbb-4761-ad39-da62ad512c23]') ON CONFLICT DO NOTHING;
INSERT INTO provisioner_job_logs VALUES ('88cae505-15e1-4ca8-bcf7-8bd1c3af8030', '52a90399-a53d-4644-be3c-47ee18a5716e', '2022-11-02 13:04:20.975+02', 'provisioner', 'info', 'Starting workspace', 'docker_volume.home_volume: Plan to create') ON CONFLICT DO NOTHING;
INSERT INTO provisioner_job_logs VALUES ('463ef456-2b86-4c67-bc2b-23079a793142', '52a90399-a53d-4644-be3c-47ee18a5716e', '2022-11-02 13:04:20.979+02', 'provisioner', 'info', 'Starting workspace', 'coder_agent.main: Plan to create') ON CONFLICT DO NOTHING;
INSERT INTO provisioner_job_logs VALUES ('e29a0563-0299-42df-8f3e-38fdb851d743', '52a90399-a53d-4644-be3c-47ee18a5716e', '2022-11-02 13:04:20.982+02', 'provisioner', 'info', 'Starting workspace', 'coder_app.code-server: Plan to create') ON CONFLICT DO NOTHING;
INSERT INTO provisioner_job_logs VALUES ('e0756af8-2cce-4246-a589-a4741eee2359', '52a90399-a53d-4644-be3c-47ee18a5716e', '2022-11-02 13:04:20.985+02', 'provisioner', 'info', 'Starting workspace', 'docker_container.workspace[0]: Plan to create') ON CONFLICT DO NOTHING;
INSERT INTO provisioner_job_logs VALUES ('7e6f0608-02b9-4523-bdef-5a8cdf63d65b', '52a90399-a53d-4644-be3c-47ee18a5716e', '2022-11-02 13:04:20.987+02', 'provisioner', 'info', 'Starting workspace', 'Plan: 4 to add, 0 to change, 0 to destroy.') ON CONFLICT DO NOTHING;
INSERT INTO provisioner_job_logs VALUES ('1fb337be-0749-4e98-8513-62164696b42e', '52a90399-a53d-4644-be3c-47ee18a5716e', '2022-11-02 13:04:21.166+02', 'provisioner', 'info', 'Starting workspace', 'coder_agent.main: Creating...') ON CONFLICT DO NOTHING;
INSERT INTO provisioner_job_logs VALUES ('6d785a3a-7864-4cbf-9612-af13c4347f66', '52a90399-a53d-4644-be3c-47ee18a5716e', '2022-11-02 13:04:21.172+02', 'provisioner', 'info', 'Starting workspace', 'coder_agent.main: Creation complete after 0s [id=0907dab9-1909-4d03-bffd-936a2a05a22a]') ON CONFLICT DO NOTHING;
INSERT INTO provisioner_job_logs VALUES ('9e3f0f0d-3269-48c8-aa1c-f633360809cc', '52a90399-a53d-4644-be3c-47ee18a5716e', '2022-11-02 13:04:21.185+02', 'provisioner', 'info', 'Starting workspace', 'coder_app.code-server: Creating...') ON CONFLICT DO NOTHING;
INSERT INTO provisioner_job_logs VALUES ('d6bc2b50-2e74-414a-bf13-a43189e86abb', '52a90399-a53d-4644-be3c-47ee18a5716e', '2022-11-02 13:04:21.192+02', 'provisioner', 'info', 'Starting workspace', 'docker_volume.home_volume: Creating...') ON CONFLICT DO NOTHING;
INSERT INTO provisioner_job_logs VALUES ('0e090bdb-12b2-4959-9230-9b014af2b7ca', '52a90399-a53d-4644-be3c-47ee18a5716e', '2022-11-02 13:04:21.195+02', 'provisioner', 'info', 'Starting workspace', 'coder_app.code-server: Creation complete after 0s [id=5f1c2ba3-6b26-409c-9790-df56b62efcbc]') ON CONFLICT DO NOTHING;
INSERT INTO provisioner_job_logs VALUES ('4bfa811d-9368-4548-be3e-3f7884d2ba5d', '52a90399-a53d-4644-be3c-47ee18a5716e', '2022-11-02 13:04:21.198+02', 'provisioner', 'info', 'Starting workspace', 'docker_volume.home_volume: Creation complete after 0s [id=coder-admin-my-workspace-root]') ON CONFLICT DO NOTHING;
INSERT INTO provisioner_job_logs VALUES ('00ef0ca8-439c-4b3f-94a4-cd086d15e9d2', '52a90399-a53d-4644-be3c-47ee18a5716e', '2022-11-02 13:04:21.21+02', 'provisioner', 'info', 'Starting workspace', 'docker_container.workspace[0]: Creating...') ON CONFLICT DO NOTHING;
INSERT INTO provisioner_job_logs VALUES ('53d6c9b1-8d43-4f0d-963b-8967ee2a3409', '52a90399-a53d-4644-be3c-47ee18a5716e', '2022-11-02 13:04:21.74+02', 'provisioner', 'info', 'Starting workspace', 'docker_container.workspace[0]: Creation complete after 1s [id=a1ff536472e9efdd5ed90d6aafc28669799668007ab93823567ac08066822244]') ON CONFLICT DO NOTHING;
INSERT INTO provisioner_job_logs VALUES ('f29082e9-aad2-46f9-8d4a-bacf3d3618dd', '52a90399-a53d-4644-be3c-47ee18a5716e', '2022-11-02 13:04:21.749+02', 'provisioner', 'info', 'Starting workspace', 'Apply complete! Resources: 4 added, 0 changed, 0 destroyed.') ON CONFLICT DO NOTHING;
INSERT INTO provisioner_job_logs VALUES ('6a3690dc-6e1f-400b-b47f-af64bd007a55', '52a90399-a53d-4644-be3c-47ee18a5716e', '2022-11-02 13:04:21.755+02', 'provisioner', 'info', 'Starting workspace', 'Outputs: 0') ON CONFLICT DO NOTHING;
INSERT INTO provisioner_job_logs VALUES ('473429ac-5ede-48cd-b754-9b3e498aa60c', '52a90399-a53d-4644-be3c-47ee18a5716e', '2022-11-02 13:04:22.83+02', 'provisioner_daemon', 'info', 'Cleaning Up', '') ON CONFLICT DO NOTHING;
INSERT INTO provisioner_job_logs VALUES ('f5303749-4d64-4f3d-ac0e-81e629355e86', '104c5815-7bd2-4d09-b76c-00c61b95f0a6', '2022-11-02 13:04:48.44+02', 'provisioner_daemon', 'info', 'Setting up', '') ON CONFLICT DO NOTHING;
INSERT INTO provisioner_job_logs VALUES ('0812fe54-1b04-4b52-9f43-049fa80467e8', '104c5815-7bd2-4d09-b76c-00c61b95f0a6', '2022-11-02 13:04:48.444+02', 'provisioner_daemon', 'info', 'Stopping workspace', '') ON CONFLICT DO NOTHING;
INSERT INTO provisioner_job_logs VALUES ('31f9020f-3378-4209-a421-7399c86ea76d', '104c5815-7bd2-4d09-b76c-00c61b95f0a6', '2022-11-02 13:04:48.54+02', 'provisioner', 'debug', 'Stopping workspace', '') ON CONFLICT DO NOTHING;
INSERT INTO provisioner_job_logs VALUES ('1110403f-1865-4dca-97a7-4ecb14a97134', '104c5815-7bd2-4d09-b76c-00c61b95f0a6', '2022-11-02 13:04:48.545+02', 'provisioner', 'debug', 'Stopping workspace', 'Initializing the backend...') ON CONFLICT DO NOTHING;
INSERT INTO provisioner_job_logs VALUES ('955f1a84-1718-4aa7-8022-3ea41d2ba1ba', '104c5815-7bd2-4d09-b76c-00c61b95f0a6', '2022-11-02 13:04:48.549+02', 'provisioner', 'debug', 'Stopping workspace', '') ON CONFLICT DO NOTHING;
INSERT INTO provisioner_job_logs VALUES ('ea27eb37-4934-4bad-bbeb-8a7f0bec0498', '104c5815-7bd2-4d09-b76c-00c61b95f0a6', '2022-11-02 13:04:48.553+02', 'provisioner', 'debug', 'Stopping workspace', 'Initializing provider plugins...') ON CONFLICT DO NOTHING;
INSERT INTO provisioner_job_logs VALUES ('3525b9d7-69c2-4537-9f47-6290966b4f3d', '104c5815-7bd2-4d09-b76c-00c61b95f0a6', '2022-11-02 13:04:48.555+02', 'provisioner', 'debug', 'Stopping workspace', '- Finding coder/coder versions matching "0.5.0"...') ON CONFLICT DO NOTHING;
INSERT INTO provisioner_job_logs VALUES ('0b83bb69-0b72-4e11-8c13-2b68b90217a9', '104c5815-7bd2-4d09-b76c-00c61b95f0a6', '2022-11-02 13:04:48.832+02', 'provisioner', 'debug', 'Stopping workspace', '- Finding kreuzwerker/docker versions matching "~> 2.20.2"...') ON CONFLICT DO NOTHING;
INSERT INTO provisioner_job_logs VALUES ('bff36240-532f-44d0-ae0f-2c2faa22ebf3', '104c5815-7bd2-4d09-b76c-00c61b95f0a6', '2022-11-02 13:04:48.941+02', 'provisioner', 'debug', 'Stopping workspace', '- Using coder/coder v0.5.0 from the shared cache directory') ON CONFLICT DO NOTHING;
INSERT INTO provisioner_job_logs VALUES ('755ab7f1-8af7-4e73-bdf4-e7d42250f102', '104c5815-7bd2-4d09-b76c-00c61b95f0a6', '2022-11-02 13:04:48.997+02', 'provisioner', 'debug', 'Stopping workspace', '- Using kreuzwerker/docker v2.20.3 from the shared cache directory') ON CONFLICT DO NOTHING;
INSERT INTO provisioner_job_logs VALUES ('41af9b10-8823-40ef-9acc-0c7c0aac73aa', '104c5815-7bd2-4d09-b76c-00c61b95f0a6', '2022-11-02 13:04:49.066+02', 'provisioner', 'debug', 'Stopping workspace', '') ON CONFLICT DO NOTHING;
INSERT INTO provisioner_job_logs VALUES ('4eb9c01c-e77c-4509-b1d3-f394383e00dc', '104c5815-7bd2-4d09-b76c-00c61b95f0a6', '2022-11-02 13:04:49.072+02', 'provisioner', 'debug', 'Stopping workspace', 'Terraform has created a lock file .terraform.lock.hcl to record the provider') ON CONFLICT DO NOTHING;
INSERT INTO provisioner_job_logs VALUES ('6baa0b42-517a-4154-804f-50b900a17cb0', '104c5815-7bd2-4d09-b76c-00c61b95f0a6', '2022-11-02 13:04:49.077+02', 'provisioner', 'debug', 'Stopping workspace', 'selections it made above. Include this file in your version control repository') ON CONFLICT DO NOTHING;
INSERT INTO provisioner_job_logs VALUES ('5ed6a9d9-ce78-41f2-850b-c54354ba85fc', '104c5815-7bd2-4d09-b76c-00c61b95f0a6', '2022-11-02 13:04:49.081+02', 'provisioner', 'debug', 'Stopping workspace', 'so that Terraform can guarantee to make the same selections by default when') ON CONFLICT DO NOTHING;
INSERT INTO provisioner_job_logs VALUES ('f674b8d8-1aca-475d-84d1-74e68caad7c2', '104c5815-7bd2-4d09-b76c-00c61b95f0a6', '2022-11-02 13:04:49.084+02', 'provisioner', 'debug', 'Stopping workspace', 'you run "terraform init" in the future.') ON CONFLICT DO NOTHING;
INSERT INTO provisioner_job_logs VALUES ('bf8e0403-bc1f-4200-93cd-d459c5d4eea5', '104c5815-7bd2-4d09-b76c-00c61b95f0a6', '2022-11-02 13:04:49.089+02', 'provisioner', 'debug', 'Stopping workspace', '') ON CONFLICT DO NOTHING;
INSERT INTO provisioner_job_logs VALUES ('2a26f80a-f534-4a57-8f60-61b0245b2a28', '104c5815-7bd2-4d09-b76c-00c61b95f0a6', '2022-11-02 13:04:49.092+02', 'provisioner', 'debug', 'Stopping workspace', 'Warning: Incomplete lock file information for providers') ON CONFLICT DO NOTHING;
INSERT INTO provisioner_job_logs VALUES ('d687a831-e9cf-47f7-8fee-2b971e07110e', '104c5815-7bd2-4d09-b76c-00c61b95f0a6', '2022-11-02 13:04:49.095+02', 'provisioner', 'debug', 'Stopping workspace', '') ON CONFLICT DO NOTHING;
INSERT INTO provisioner_job_logs VALUES ('5f1ea8a9-583f-4613-9cf9-2ae1dada1013', '104c5815-7bd2-4d09-b76c-00c61b95f0a6', '2022-11-02 13:04:49.098+02', 'provisioner', 'debug', 'Stopping workspace', 'Due to your customized provider installation methods, Terraform was forced to') ON CONFLICT DO NOTHING;
INSERT INTO provisioner_job_logs VALUES ('63a97f16-df0c-4064-abb1-fa94edff116b', '104c5815-7bd2-4d09-b76c-00c61b95f0a6', '2022-11-02 13:04:49.1+02', 'provisioner', 'debug', 'Stopping workspace', 'calculate lock file checksums locally for the following providers:') ON CONFLICT DO NOTHING;
INSERT INTO provisioner_job_logs VALUES ('0659c1b7-ba0a-4153-a121-1b707d6dba43', '104c5815-7bd2-4d09-b76c-00c61b95f0a6', '2022-11-02 13:04:49.103+02', 'provisioner', 'debug', 'Stopping workspace', '  - coder/coder') ON CONFLICT DO NOTHING;
INSERT INTO provisioner_job_logs VALUES ('5026c663-c180-4880-b27e-831ea7b915e6', '104c5815-7bd2-4d09-b76c-00c61b95f0a6', '2022-11-02 13:04:49.106+02', 'provisioner', 'debug', 'Stopping workspace', '  - kreuzwerker/docker') ON CONFLICT DO NOTHING;
INSERT INTO provisioner_job_logs VALUES ('11bc6add-90ee-4ef1-8270-2c4b75149666', '104c5815-7bd2-4d09-b76c-00c61b95f0a6', '2022-11-02 13:04:49.108+02', 'provisioner', 'debug', 'Stopping workspace', '') ON CONFLICT DO NOTHING;
INSERT INTO provisioner_job_logs VALUES ('a4ed025f-5228-40fd-97dc-3f581423760c', '104c5815-7bd2-4d09-b76c-00c61b95f0a6', '2022-11-02 13:04:49.11+02', 'provisioner', 'debug', 'Stopping workspace', 'The current .terraform.lock.hcl file only includes checksums for linux_amd64,') ON CONFLICT DO NOTHING;
INSERT INTO provisioner_job_logs VALUES ('f87eb959-7fa4-4574-b57f-0d25eddb5780', '104c5815-7bd2-4d09-b76c-00c61b95f0a6', '2022-11-02 13:04:49.113+02', 'provisioner', 'debug', 'Stopping workspace', 'so Terraform running on another platform will fail to install these') ON CONFLICT DO NOTHING;
INSERT INTO provisioner_job_logs VALUES ('190ce772-4a3e-48d1-82fc-6d2c4406376b', '104c5815-7bd2-4d09-b76c-00c61b95f0a6', '2022-11-02 13:04:49.115+02', 'provisioner', 'debug', 'Stopping workspace', 'providers.') ON CONFLICT DO NOTHING;
INSERT INTO provisioner_job_logs VALUES ('807aa93f-0413-4158-9706-aad0f2bd3472', '104c5815-7bd2-4d09-b76c-00c61b95f0a6', '2022-11-02 13:04:49.118+02', 'provisioner', 'debug', 'Stopping workspace', '') ON CONFLICT DO NOTHING;
INSERT INTO provisioner_job_logs VALUES ('224ba0e5-1c27-44d9-8dd9-d04843eed695', '104c5815-7bd2-4d09-b76c-00c61b95f0a6', '2022-11-02 13:04:49.12+02', 'provisioner', 'debug', 'Stopping workspace', 'To calculate additional checksums for another platform, run:') ON CONFLICT DO NOTHING;
INSERT INTO provisioner_job_logs VALUES ('744e3d76-8b8d-40c2-a3d3-2b2707720a2b', '104c5815-7bd2-4d09-b76c-00c61b95f0a6', '2022-11-02 13:04:49.123+02', 'provisioner', 'debug', 'Stopping workspace', '  terraform providers lock -platform=linux_amd64') ON CONFLICT DO NOTHING;
INSERT INTO provisioner_job_logs VALUES ('53594c81-a9e6-4ab3-babd-5491157c4de1', '104c5815-7bd2-4d09-b76c-00c61b95f0a6', '2022-11-02 13:04:49.13+02', 'provisioner', 'debug', 'Stopping workspace', '(where linux_amd64 is the platform to generate)') ON CONFLICT DO NOTHING;
INSERT INTO provisioner_job_logs VALUES ('86f24df0-9053-4aee-a55e-39186d23dd9c', '104c5815-7bd2-4d09-b76c-00c61b95f0a6', '2022-11-02 13:04:49.133+02', 'provisioner', 'debug', 'Stopping workspace', '') ON CONFLICT DO NOTHING;
INSERT INTO provisioner_job_logs VALUES ('710b2445-edfe-4b38-956f-f3ee83affebc', '104c5815-7bd2-4d09-b76c-00c61b95f0a6', '2022-11-02 13:04:49.136+02', 'provisioner', 'debug', 'Stopping workspace', 'Terraform has been successfully initialized!') ON CONFLICT DO NOTHING;
INSERT INTO provisioner_job_logs VALUES ('8e29a006-dbbc-4cc2-8856-70aaddc70627', '104c5815-7bd2-4d09-b76c-00c61b95f0a6', '2022-11-02 13:04:49.139+02', 'provisioner', 'info', 'Stopping workspace', 'Terraform 1.2.8') ON CONFLICT DO NOTHING;
INSERT INTO provisioner_job_logs VALUES ('bbf4cec8-2edc-47e1-9f18-71c0d0f3229e', '104c5815-7bd2-4d09-b76c-00c61b95f0a6', '2022-11-02 13:04:49.88+02', 'provisioner', 'info', 'Stopping workspace', 'data.coder_provisioner.me: Refreshing...') ON CONFLICT DO NOTHING;
INSERT INTO provisioner_job_logs VALUES ('ad23bec6-86a9-4831-9adc-3ee4d979e49c', '104c5815-7bd2-4d09-b76c-00c61b95f0a6', '2022-11-02 13:04:49.887+02', 'provisioner', 'info', 'Stopping workspace', 'data.coder_workspace.me: Refreshing...') ON CONFLICT DO NOTHING;
INSERT INTO provisioner_job_logs VALUES ('0a0c2ddc-94f4-4d9a-a403-c0229939ad38', '104c5815-7bd2-4d09-b76c-00c61b95f0a6', '2022-11-02 13:04:49.89+02', 'provisioner', 'info', 'Stopping workspace', 'data.coder_provisioner.me: Refresh complete after 0s [id=69d8c247-a4cc-4de6-86c0-ce073255316a]') ON CONFLICT DO NOTHING;
INSERT INTO provisioner_job_logs VALUES ('992e7b85-8c39-4c79-82c8-d9e616baf3b3', '104c5815-7bd2-4d09-b76c-00c61b95f0a6', '2022-11-02 13:04:49.894+02', 'provisioner', 'info', 'Stopping workspace', 'data.coder_workspace.me: Refresh complete after 0s [id=3a9a1feb-e89d-457c-9d53-ac751b198ebe]') ON CONFLICT DO NOTHING;
INSERT INTO provisioner_job_logs VALUES ('5abaec85-0b9a-49a0-a547-e40f68123865', '104c5815-7bd2-4d09-b76c-00c61b95f0a6', '2022-11-02 13:04:49.898+02', 'provisioner', 'info', 'Stopping workspace', 'coder_agent.main: Refreshing state... [id=0907dab9-1909-4d03-bffd-936a2a05a22a]') ON CONFLICT DO NOTHING;
INSERT INTO provisioner_job_logs VALUES ('927353ca-a7f2-4604-b7a2-0b1e3c5bd1da', '104c5815-7bd2-4d09-b76c-00c61b95f0a6', '2022-11-02 13:04:49.902+02', 'provisioner', 'info', 'Stopping workspace', 'coder_agent.main: Refresh complete [id=0907dab9-1909-4d03-bffd-936a2a05a22a]') ON CONFLICT DO NOTHING;
INSERT INTO provisioner_job_logs VALUES ('94933b2b-bf01-45c8-a0e9-6c82700cd4d4', '104c5815-7bd2-4d09-b76c-00c61b95f0a6', '2022-11-02 13:04:49.91+02', 'provisioner', 'info', 'Stopping workspace', 'coder_app.code-server: Refreshing state... [id=5f1c2ba3-6b26-409c-9790-df56b62efcbc]') ON CONFLICT DO NOTHING;
INSERT INTO provisioner_job_logs VALUES ('5b8fcf47-22e5-4ced-a3b7-aaaef79f8452', '104c5815-7bd2-4d09-b76c-00c61b95f0a6', '2022-11-02 13:04:49.913+02', 'provisioner', 'info', 'Stopping workspace', 'coder_app.code-server: Refresh complete [id=5f1c2ba3-6b26-409c-9790-df56b62efcbc]') ON CONFLICT DO NOTHING;
INSERT INTO provisioner_job_logs VALUES ('2c9cb430-1dc6-4896-a0c8-469947399523', '104c5815-7bd2-4d09-b76c-00c61b95f0a6', '2022-11-02 13:04:49.917+02', 'provisioner', 'info', 'Stopping workspace', 'docker_volume.home_volume: Refreshing state... [id=coder-admin-my-workspace-root]') ON CONFLICT DO NOTHING;
INSERT INTO provisioner_job_logs VALUES ('9cbe3787-1861-4007-8803-f071482fa2fa', '104c5815-7bd2-4d09-b76c-00c61b95f0a6', '2022-11-02 13:04:49.921+02', 'provisioner', 'info', 'Stopping workspace', 'docker_volume.home_volume: Refresh complete [id=coder-admin-my-workspace-root]') ON CONFLICT DO NOTHING;
INSERT INTO provisioner_job_logs VALUES ('d8b2a8a8-c653-412e-a70d-dc65a14c2af6', '104c5815-7bd2-4d09-b76c-00c61b95f0a6', '2022-11-02 13:04:49.925+02', 'provisioner', 'info', 'Stopping workspace', 'docker_container.workspace[0]: Refreshing state... [id=a1ff536472e9efdd5ed90d6aafc28669799668007ab93823567ac08066822244]') ON CONFLICT DO NOTHING;
INSERT INTO provisioner_job_logs VALUES ('6b22e12c-75e1-4f5a-a571-add29e687bd8', '104c5815-7bd2-4d09-b76c-00c61b95f0a6', '2022-11-02 13:04:50.043+02', 'provisioner', 'info', 'Stopping workspace', 'docker_container.workspace[0]: Refresh complete [id=a1ff536472e9efdd5ed90d6aafc28669799668007ab93823567ac08066822244]') ON CONFLICT DO NOTHING;
INSERT INTO provisioner_job_logs VALUES ('db7d2cd9-0331-4e1c-9ae2-0cc18cfb1d5e', '104c5815-7bd2-4d09-b76c-00c61b95f0a6', '2022-11-02 13:04:50.057+02', 'provisioner', 'info', 'Stopping workspace', 'coder_agent.main: Drift detected (update)') ON CONFLICT DO NOTHING;
INSERT INTO provisioner_job_logs VALUES ('71455c3a-c6ec-472c-9b6e-e174697c3e93', '104c5815-7bd2-4d09-b76c-00c61b95f0a6', '2022-11-02 13:04:50.061+02', 'provisioner', 'info', 'Stopping workspace', 'docker_container.workspace[0]: Drift detected (update)') ON CONFLICT DO NOTHING;
INSERT INTO provisioner_job_logs VALUES ('5580b627-218d-43eb-b619-b269c796b158', '104c5815-7bd2-4d09-b76c-00c61b95f0a6', '2022-11-02 13:04:50.066+02', 'provisioner', 'info', 'Stopping workspace', 'docker_volume.home_volume: Drift detected (update)') ON CONFLICT DO NOTHING;
INSERT INTO provisioner_job_logs VALUES ('9499f481-527c-46a8-9a9f-f84ab5caf603', '104c5815-7bd2-4d09-b76c-00c61b95f0a6', '2022-11-02 13:04:50.069+02', 'provisioner', 'info', 'Stopping workspace', 'docker_container.workspace[0]: Plan to delete') ON CONFLICT DO NOTHING;
INSERT INTO provisioner_job_logs VALUES ('c245b280-6683-4aea-ab6b-55dd8ccc02dd', '104c5815-7bd2-4d09-b76c-00c61b95f0a6', '2022-11-02 13:04:50.073+02', 'provisioner', 'info', 'Stopping workspace', 'Plan: 0 to add, 0 to change, 1 to destroy.') ON CONFLICT DO NOTHING;
INSERT INTO provisioner_job_logs VALUES ('0aa11a57-2d0c-40f9-84e2-793d47db516f', '104c5815-7bd2-4d09-b76c-00c61b95f0a6', '2022-11-02 13:04:50.174+02', 'provisioner', 'info', 'Stopping workspace', 'docker_container.workspace[0]: Destroying... [id=a1ff536472e9efdd5ed90d6aafc28669799668007ab93823567ac08066822244]') ON CONFLICT DO NOTHING;
INSERT INTO provisioner_job_logs VALUES ('354d0fe5-252d-49eb-a432-3672bd77f421', '104c5815-7bd2-4d09-b76c-00c61b95f0a6', '2022-11-02 13:04:50.472+02', 'provisioner', 'info', 'Stopping workspace', 'docker_container.workspace[0]: Destruction complete after 0s') ON CONFLICT DO NOTHING;
INSERT INTO provisioner_job_logs VALUES ('e4cf8c6b-2e24-4db8-bb71-d57c5c88157b', '104c5815-7bd2-4d09-b76c-00c61b95f0a6', '2022-11-02 13:04:50.485+02', 'provisioner', 'info', 'Stopping workspace', 'Apply complete! Resources: 0 added, 0 changed, 1 destroyed.') ON CONFLICT DO NOTHING;
INSERT INTO provisioner_job_logs VALUES ('651e7bf8-eeb1-41fc-acca-d00036fd1dbe', '104c5815-7bd2-4d09-b76c-00c61b95f0a6', '2022-11-02 13:04:50.49+02', 'provisioner', 'info', 'Stopping workspace', 'Outputs: 0') ON CONFLICT DO NOTHING;
INSERT INTO provisioner_job_logs VALUES ('15a9676b-718b-4461-9e62-81fbd550a897', '104c5815-7bd2-4d09-b76c-00c61b95f0a6', '2022-11-02 13:04:51.51+02', 'provisioner_daemon', 'info', 'Cleaning Up', '') ON CONFLICT DO NOTHING;
INSERT INTO provisioner_job_logs VALUES ('109203b0-c680-45fe-b470-ab383e7322f7', 'd6ec4737-feaa-446e-aa14-8b2b98b59bf9', '2022-11-02 13:04:55.438+02', 'provisioner_daemon', 'info', 'Setting up', '') ON CONFLICT DO NOTHING;
INSERT INTO provisioner_job_logs VALUES ('25618f60-4596-4bb5-9ba4-daa75e885289', 'd6ec4737-feaa-446e-aa14-8b2b98b59bf9', '2022-11-02 13:04:55.442+02', 'provisioner_daemon', 'info', 'Starting workspace', '') ON CONFLICT DO NOTHING;
INSERT INTO provisioner_job_logs VALUES ('53042802-9b70-4933-91ab-b2c0bc444693', 'd6ec4737-feaa-446e-aa14-8b2b98b59bf9', '2022-11-02 13:04:55.545+02', 'provisioner', 'debug', 'Starting workspace', '') ON CONFLICT DO NOTHING;
INSERT INTO provisioner_job_logs VALUES ('c9ad724a-5481-44f7-b8a1-b450dc5051f6', 'd6ec4737-feaa-446e-aa14-8b2b98b59bf9', '2022-11-02 13:04:55.549+02', 'provisioner', 'debug', 'Starting workspace', 'Initializing the backend...') ON CONFLICT DO NOTHING;
INSERT INTO provisioner_job_logs VALUES ('71bc590a-a0e5-4268-89a7-d6178304d91c', 'd6ec4737-feaa-446e-aa14-8b2b98b59bf9', '2022-11-02 13:04:55.552+02', 'provisioner', 'debug', 'Starting workspace', '') ON CONFLICT DO NOTHING;
INSERT INTO provisioner_job_logs VALUES ('aa7529a0-8020-4268-a106-bfa9d7b8db45', 'd6ec4737-feaa-446e-aa14-8b2b98b59bf9', '2022-11-02 13:04:55.555+02', 'provisioner', 'debug', 'Starting workspace', 'Initializing provider plugins...') ON CONFLICT DO NOTHING;
INSERT INTO provisioner_job_logs VALUES ('4ebfc500-c4ff-4247-a4e8-14e6814d9fac', 'd6ec4737-feaa-446e-aa14-8b2b98b59bf9', '2022-11-02 13:04:55.557+02', 'provisioner', 'debug', 'Starting workspace', '- Finding coder/coder versions matching "0.5.0"...') ON CONFLICT DO NOTHING;
INSERT INTO provisioner_job_logs VALUES ('541853de-e473-486d-b6e1-3b6e78518788', 'd6ec4737-feaa-446e-aa14-8b2b98b59bf9', '2022-11-02 13:04:55.82+02', 'provisioner', 'debug', 'Starting workspace', '- Finding kreuzwerker/docker versions matching "~> 2.20.2"...') ON CONFLICT DO NOTHING;
INSERT INTO provisioner_job_logs VALUES ('2778a009-7045-4773-beb6-4fb7ca574116', 'd6ec4737-feaa-446e-aa14-8b2b98b59bf9', '2022-11-02 13:04:55.993+02', 'provisioner', 'debug', 'Starting workspace', '- Using coder/coder v0.5.0 from the shared cache directory') ON CONFLICT DO NOTHING;
INSERT INTO provisioner_job_logs VALUES ('ed060a03-3f5a-4695-97e3-22d7deab8d38', 'd6ec4737-feaa-446e-aa14-8b2b98b59bf9', '2022-11-02 13:04:56.053+02', 'provisioner', 'debug', 'Starting workspace', '- Using kreuzwerker/docker v2.20.3 from the shared cache directory') ON CONFLICT DO NOTHING;
INSERT INTO provisioner_job_logs VALUES ('3564ae4e-b903-4431-96d9-17d7bac188f7', 'd6ec4737-feaa-446e-aa14-8b2b98b59bf9', '2022-11-02 13:04:56.128+02', 'provisioner', 'debug', 'Starting workspace', '') ON CONFLICT DO NOTHING;
INSERT INTO provisioner_job_logs VALUES ('683bd5c5-0397-4d70-8e5f-7d5995f1f38a', 'd6ec4737-feaa-446e-aa14-8b2b98b59bf9', '2022-11-02 13:04:56.136+02', 'provisioner', 'debug', 'Starting workspace', 'Terraform has created a lock file .terraform.lock.hcl to record the provider') ON CONFLICT DO NOTHING;
INSERT INTO provisioner_job_logs VALUES ('55d3ea8e-5bc0-4aac-aa19-4d4c74146503', 'd6ec4737-feaa-446e-aa14-8b2b98b59bf9', '2022-11-02 13:04:56.14+02', 'provisioner', 'debug', 'Starting workspace', 'selections it made above. Include this file in your version control repository') ON CONFLICT DO NOTHING;
INSERT INTO provisioner_job_logs VALUES ('cbff931a-8b68-4dfa-83a2-40809e7add5d', 'd6ec4737-feaa-446e-aa14-8b2b98b59bf9', '2022-11-02 13:04:56.143+02', 'provisioner', 'debug', 'Starting workspace', 'so that Terraform can guarantee to make the same selections by default when') ON CONFLICT DO NOTHING;
INSERT INTO provisioner_job_logs VALUES ('3fff2b02-6fc5-421d-8c2a-1ab8ffbc9fcc', 'd6ec4737-feaa-446e-aa14-8b2b98b59bf9', '2022-11-02 13:04:56.146+02', 'provisioner', 'debug', 'Starting workspace', 'you run "terraform init" in the future.') ON CONFLICT DO NOTHING;
INSERT INTO provisioner_job_logs VALUES ('9ac3b08f-bb36-4e21-828f-4ae47d2b9719', 'd6ec4737-feaa-446e-aa14-8b2b98b59bf9', '2022-11-02 13:04:56.149+02', 'provisioner', 'debug', 'Starting workspace', '') ON CONFLICT DO NOTHING;
INSERT INTO provisioner_job_logs VALUES ('74d08fc2-27a1-403b-85f8-24ec862dd288', 'd6ec4737-feaa-446e-aa14-8b2b98b59bf9', '2022-11-02 13:04:56.152+02', 'provisioner', 'debug', 'Starting workspace', '') ON CONFLICT DO NOTHING;
INSERT INTO provisioner_job_logs VALUES ('d2511df7-1992-4c8d-b5ca-bb60bc638ce4', 'd6ec4737-feaa-446e-aa14-8b2b98b59bf9', '2022-11-02 13:04:56.156+02', 'provisioner', 'debug', 'Starting workspace', 'Warning: Incomplete lock file information for providers') ON CONFLICT DO NOTHING;
INSERT INTO provisioner_job_logs VALUES ('681814dc-5855-4e4b-8907-c9de0d29b119', 'd6ec4737-feaa-446e-aa14-8b2b98b59bf9', '2022-11-02 13:04:56.16+02', 'provisioner', 'debug', 'Starting workspace', '') ON CONFLICT DO NOTHING;
INSERT INTO provisioner_job_logs VALUES ('bbbb300a-9a20-4e88-8f12-4de90b82594e', 'd6ec4737-feaa-446e-aa14-8b2b98b59bf9', '2022-11-02 13:04:56.163+02', 'provisioner', 'debug', 'Starting workspace', 'Due to your customized provider installation methods, Terraform was forced to') ON CONFLICT DO NOTHING;
INSERT INTO provisioner_job_logs VALUES ('8bc2492b-fd16-4098-92e9-7d8ece563d3d', 'd6ec4737-feaa-446e-aa14-8b2b98b59bf9', '2022-11-02 13:04:56.166+02', 'provisioner', 'debug', 'Starting workspace', 'calculate lock file checksums locally for the following providers:') ON CONFLICT DO NOTHING;
INSERT INTO provisioner_job_logs VALUES ('dcdf65fb-c226-4554-8fec-edbb04f1414e', 'd6ec4737-feaa-446e-aa14-8b2b98b59bf9', '2022-11-02 13:04:56.17+02', 'provisioner', 'debug', 'Starting workspace', '  - coder/coder') ON CONFLICT DO NOTHING;
INSERT INTO provisioner_job_logs VALUES ('8820392e-9d9e-4988-9623-ee1af0059d11', 'd6ec4737-feaa-446e-aa14-8b2b98b59bf9', '2022-11-02 13:04:56.173+02', 'provisioner', 'debug', 'Starting workspace', '  - kreuzwerker/docker') ON CONFLICT DO NOTHING;
INSERT INTO provisioner_job_logs VALUES ('9c64a617-539b-4e57-a750-355c66cf15cb', 'd6ec4737-feaa-446e-aa14-8b2b98b59bf9', '2022-11-02 13:04:56.176+02', 'provisioner', 'debug', 'Starting workspace', '') ON CONFLICT DO NOTHING;
INSERT INTO provisioner_job_logs VALUES ('bffd2b77-7f42-4aef-ac19-586998a6f614', 'd6ec4737-feaa-446e-aa14-8b2b98b59bf9', '2022-11-02 13:04:56.179+02', 'provisioner', 'debug', 'Starting workspace', 'The current .terraform.lock.hcl file only includes checksums for linux_amd64,') ON CONFLICT DO NOTHING;
INSERT INTO provisioner_job_logs VALUES ('d7fcb4d1-6c30-4777-83c6-015b0f48a970', 'd6ec4737-feaa-446e-aa14-8b2b98b59bf9', '2022-11-02 13:04:56.182+02', 'provisioner', 'debug', 'Starting workspace', 'so Terraform running on another platform will fail to install these') ON CONFLICT DO NOTHING;
INSERT INTO provisioner_job_logs VALUES ('cdcb62d9-f347-4654-b5b2-28fd6960a509', 'd6ec4737-feaa-446e-aa14-8b2b98b59bf9', '2022-11-02 13:04:56.185+02', 'provisioner', 'debug', 'Starting workspace', 'providers.') ON CONFLICT DO NOTHING;
INSERT INTO provisioner_job_logs VALUES ('95ea3beb-90e7-4787-901c-f570df3bd801', 'd6ec4737-feaa-446e-aa14-8b2b98b59bf9', '2022-11-02 13:04:56.188+02', 'provisioner', 'debug', 'Starting workspace', '') ON CONFLICT DO NOTHING;
INSERT INTO provisioner_job_logs VALUES ('9797523c-35ee-4ed3-a69f-af357fafc42c', 'd6ec4737-feaa-446e-aa14-8b2b98b59bf9', '2022-11-02 13:04:56.19+02', 'provisioner', 'debug', 'Starting workspace', 'To calculate additional checksums for another platform, run:') ON CONFLICT DO NOTHING;
INSERT INTO provisioner_job_logs VALUES ('bb8189ba-82a1-48f1-bf1c-e000659f8697', 'd6ec4737-feaa-446e-aa14-8b2b98b59bf9', '2022-11-02 13:04:56.193+02', 'provisioner', 'debug', 'Starting workspace', '  terraform providers lock -platform=linux_amd64') ON CONFLICT DO NOTHING;
INSERT INTO provisioner_job_logs VALUES ('7d86f4fa-e8e9-42f7-b1f6-f27822c67292', 'd6ec4737-feaa-446e-aa14-8b2b98b59bf9', '2022-11-02 13:04:56.195+02', 'provisioner', 'debug', 'Starting workspace', '(where linux_amd64 is the platform to generate)') ON CONFLICT DO NOTHING;
INSERT INTO provisioner_job_logs VALUES ('17e19806-b748-4837-9166-0bcae6592ffe', 'd6ec4737-feaa-446e-aa14-8b2b98b59bf9', '2022-11-02 13:04:56.198+02', 'provisioner', 'debug', 'Starting workspace', '') ON CONFLICT DO NOTHING;
INSERT INTO provisioner_job_logs VALUES ('07392a8e-31b3-4e7d-ade1-a09d4c2ee2b6', 'd6ec4737-feaa-446e-aa14-8b2b98b59bf9', '2022-11-02 13:04:56.2+02', 'provisioner', 'debug', 'Starting workspace', 'Terraform has been successfully initialized!') ON CONFLICT DO NOTHING;
INSERT INTO provisioner_job_logs VALUES ('524bf497-10f8-41d3-960d-ed67df4fa9ec', 'd6ec4737-feaa-446e-aa14-8b2b98b59bf9', '2022-11-02 13:04:56.204+02', 'provisioner', 'info', 'Starting workspace', 'Terraform 1.2.8') ON CONFLICT DO NOTHING;
INSERT INTO provisioner_job_logs VALUES ('326c0c94-5c0a-45f8-8a26-1e8639553502', 'd6ec4737-feaa-446e-aa14-8b2b98b59bf9', '2022-11-02 13:04:56.954+02', 'provisioner', 'info', 'Starting workspace', 'data.coder_provisioner.me: Refreshing...') ON CONFLICT DO NOTHING;
INSERT INTO provisioner_job_logs VALUES ('8a6b7cd1-f0f5-4972-9364-cdc5eeb61f0c', 'd6ec4737-feaa-446e-aa14-8b2b98b59bf9', '2022-11-02 13:04:56.958+02', 'provisioner', 'info', 'Starting workspace', 'data.coder_workspace.me: Refreshing...') ON CONFLICT DO NOTHING;
INSERT INTO provisioner_job_logs VALUES ('61b04b23-eca5-4c15-91bb-bb88f00a2021', 'd6ec4737-feaa-446e-aa14-8b2b98b59bf9', '2022-11-02 13:04:56.962+02', 'provisioner', 'info', 'Starting workspace', 'data.coder_provisioner.me: Refresh complete after 0s [id=b65a767f-719a-4883-a186-aeb1ac05cb25]') ON CONFLICT DO NOTHING;
INSERT INTO provisioner_job_logs VALUES ('73e70e26-c6b7-4d8e-a9cc-1acc06022279', 'd6ec4737-feaa-446e-aa14-8b2b98b59bf9', '2022-11-02 13:04:56.967+02', 'provisioner', 'info', 'Starting workspace', 'data.coder_workspace.me: Refresh complete after 0s [id=3a9a1feb-e89d-457c-9d53-ac751b198ebe]') ON CONFLICT DO NOTHING;
INSERT INTO provisioner_job_logs VALUES ('74683648-d94f-4d9e-9e6d-bf5fc05fd706', 'd6ec4737-feaa-446e-aa14-8b2b98b59bf9', '2022-11-02 13:04:56.972+02', 'provisioner', 'info', 'Starting workspace', 'coder_agent.main: Refreshing state... [id=0907dab9-1909-4d03-bffd-936a2a05a22a]') ON CONFLICT DO NOTHING;
INSERT INTO provisioner_job_logs VALUES ('0c241c2a-7607-438c-8af2-c3641959f485', 'd6ec4737-feaa-446e-aa14-8b2b98b59bf9', '2022-11-02 13:04:56.976+02', 'provisioner', 'info', 'Starting workspace', 'docker_volume.home_volume: Refreshing state... [id=coder-admin-my-workspace-root]') ON CONFLICT DO NOTHING;
INSERT INTO provisioner_job_logs VALUES ('944880c1-ef75-45b8-a60f-f17800a83023', 'd6ec4737-feaa-446e-aa14-8b2b98b59bf9', '2022-11-02 13:04:56.979+02', 'provisioner', 'info', 'Starting workspace', 'coder_agent.main: Refresh complete [id=0907dab9-1909-4d03-bffd-936a2a05a22a]') ON CONFLICT DO NOTHING;
INSERT INTO provisioner_job_logs VALUES ('7a466591-e523-4fe0-9df3-564a35161f49', 'd6ec4737-feaa-446e-aa14-8b2b98b59bf9', '2022-11-02 13:04:56.982+02', 'provisioner', 'info', 'Starting workspace', 'docker_volume.home_volume: Refresh complete [id=coder-admin-my-workspace-root]') ON CONFLICT DO NOTHING;
INSERT INTO provisioner_job_logs VALUES ('c4e5c961-e812-40e3-b0a4-bc5bb781751d', 'd6ec4737-feaa-446e-aa14-8b2b98b59bf9', '2022-11-02 13:04:56.986+02', 'provisioner', 'info', 'Starting workspace', 'coder_app.code-server: Refreshing state... [id=5f1c2ba3-6b26-409c-9790-df56b62efcbc]') ON CONFLICT DO NOTHING;
INSERT INTO provisioner_job_logs VALUES ('0b2bdd2e-4c9f-4514-8f42-0650a0be805a', 'd6ec4737-feaa-446e-aa14-8b2b98b59bf9', '2022-11-02 13:04:56.989+02', 'provisioner', 'info', 'Starting workspace', 'coder_app.code-server: Refresh complete [id=5f1c2ba3-6b26-409c-9790-df56b62efcbc]') ON CONFLICT DO NOTHING;
INSERT INTO provisioner_job_logs VALUES ('d3b5a8c6-f038-4147-a074-4603945ed27b', 'd6ec4737-feaa-446e-aa14-8b2b98b59bf9', '2022-11-02 13:04:56.997+02', 'provisioner', 'info', 'Starting workspace', 'coder_agent.main: Drift detected (update)') ON CONFLICT DO NOTHING;
INSERT INTO provisioner_job_logs VALUES ('4f2c80f8-d06b-4670-976e-3b58b5f8200d', 'd6ec4737-feaa-446e-aa14-8b2b98b59bf9', '2022-11-02 13:04:57.002+02', 'provisioner', 'info', 'Starting workspace', 'docker_container.workspace[0]: Plan to create') ON CONFLICT DO NOTHING;
INSERT INTO provisioner_job_logs VALUES ('755914cd-d41e-447e-9343-284fe4c0a9a5', 'd6ec4737-feaa-446e-aa14-8b2b98b59bf9', '2022-11-02 13:04:57.006+02', 'provisioner', 'info', 'Starting workspace', 'Plan: 1 to add, 0 to change, 0 to destroy.') ON CONFLICT DO NOTHING;
INSERT INTO provisioner_job_logs VALUES ('dc059e5c-18aa-4d95-b50d-9861ee068be7', 'd6ec4737-feaa-446e-aa14-8b2b98b59bf9', '2022-11-02 13:04:57.229+02', 'provisioner', 'info', 'Starting workspace', 'docker_container.workspace[0]: Creating...') ON CONFLICT DO NOTHING;
INSERT INTO provisioner_job_logs VALUES ('ccbb8238-0a62-4d0d-8269-3709ce02f47a', '4de9c41c-eb10-435a-8742-e8725e926a9d', '2022-11-02 13:05:41.964+02', 'provisioner', 'info', 'Starting workspace', 'coder_agent.main: Plan to create') ON CONFLICT DO NOTHING;
INSERT INTO provisioner_job_logs VALUES ('e8fd1570-dfb7-4bdf-9d13-fd1dbf3cb124', '4de9c41c-eb10-435a-8742-e8725e926a9d', '2022-11-02 13:05:41.967+02', 'provisioner', 'info', 'Starting workspace', 'coder_app.code-server: Plan to create') ON CONFLICT DO NOTHING;
INSERT INTO provisioner_job_logs VALUES ('76167fa7-9670-430f-9536-176cdc4a9f5c', '4de9c41c-eb10-435a-8742-e8725e926a9d', '2022-11-02 13:05:41.97+02', 'provisioner', 'info', 'Starting workspace', 'docker_volume.home_volume: Plan to create') ON CONFLICT DO NOTHING;
INSERT INTO provisioner_job_logs VALUES ('9d1e67b3-6bd8-435e-96b5-c7b012b42604', '4de9c41c-eb10-435a-8742-e8725e926a9d', '2022-11-02 13:05:41.972+02', 'provisioner', 'info', 'Starting workspace', 'docker_container.workspace[0]: Plan to create') ON CONFLICT DO NOTHING;
INSERT INTO provisioner_job_logs VALUES ('4a8a8443-c6cf-435d-8527-1a782b74b838', '4de9c41c-eb10-435a-8742-e8725e926a9d', '2022-11-02 13:05:41.975+02', 'provisioner', 'info', 'Starting workspace', 'Plan: 4 to add, 0 to change, 0 to destroy.') ON CONFLICT DO NOTHING;
INSERT INTO provisioner_job_logs VALUES ('45c669a4-88fd-47f0-98a3-e0875d352d7a', '4de9c41c-eb10-435a-8742-e8725e926a9d', '2022-11-02 13:05:42.16+02', 'provisioner', 'info', 'Starting workspace', 'docker_volume.home_volume: Creating...') ON CONFLICT DO NOTHING;
INSERT INTO provisioner_job_logs VALUES ('c48882a8-d865-44ee-b8d0-6fa60a255848', '4de9c41c-eb10-435a-8742-e8725e926a9d', '2022-11-02 13:05:42.165+02', 'provisioner', 'info', 'Starting workspace', 'coder_agent.main: Creating...') ON CONFLICT DO NOTHING;
INSERT INTO provisioner_job_logs VALUES ('dda5b5fe-027d-402a-8852-a4ce2bfe4d71', '4de9c41c-eb10-435a-8742-e8725e926a9d', '2022-11-02 13:05:42.17+02', 'provisioner', 'info', 'Starting workspace', 'coder_agent.main: Creation complete after 0s [id=6137599d-4ad6-4e58-b0fa-a3d1a88fa5a9]') ON CONFLICT DO NOTHING;
INSERT INTO provisioner_job_logs VALUES ('ea5f28e9-38b6-4d6a-8ffb-9e48657632ea', '4de9c41c-eb10-435a-8742-e8725e926a9d', '2022-11-02 13:05:42.174+02', 'provisioner', 'info', 'Starting workspace', 'docker_volume.home_volume: Creation complete after 0s [id=coder-oauthuser1-test1-root]') ON CONFLICT DO NOTHING;
INSERT INTO provisioner_job_logs VALUES ('53224434-ead2-4aa3-8c86-177bc4c8fc3b', '4de9c41c-eb10-435a-8742-e8725e926a9d', '2022-11-02 13:05:42.181+02', 'provisioner', 'info', 'Starting workspace', 'coder_app.code-server: Creating...') ON CONFLICT DO NOTHING;
INSERT INTO provisioner_job_logs VALUES ('71ddfedf-d129-495e-bb80-ecf16f789be0', '4de9c41c-eb10-435a-8742-e8725e926a9d', '2022-11-02 13:05:42.186+02', 'provisioner', 'info', 'Starting workspace', 'docker_container.workspace[0]: Creating...') ON CONFLICT DO NOTHING;
INSERT INTO provisioner_job_logs VALUES ('f2f59832-212f-466c-92f3-ede2f34fc731', '4de9c41c-eb10-435a-8742-e8725e926a9d', '2022-11-02 13:05:42.189+02', 'provisioner', 'info', 'Starting workspace', 'coder_app.code-server: Creation complete after 0s [id=3a585bc7-75e6-408e-b0bc-dc64e4d3be0a]') ON CONFLICT DO NOTHING;
INSERT INTO provisioner_job_logs VALUES ('b10e5078-18f2-4ccc-875f-134d5724667a', '4de9c41c-eb10-435a-8742-e8725e926a9d', '2022-11-02 13:05:42.857+02', 'provisioner', 'info', 'Starting workspace', 'docker_container.workspace[0]: Creation complete after 1s [id=eed96dcc159829b9a91ee13a2106b3f8598896f99d7142765276914e628e8109]') ON CONFLICT DO NOTHING;
INSERT INTO provisioner_job_logs VALUES ('566e4cb4-2828-43f1-af4c-5797a7fd3504', '4de9c41c-eb10-435a-8742-e8725e926a9d', '2022-11-02 13:05:42.868+02', 'provisioner', 'info', 'Starting workspace', 'Apply complete! Resources: 4 added, 0 changed, 0 destroyed.') ON CONFLICT DO NOTHING;
INSERT INTO provisioner_job_logs VALUES ('ad17b455-6adc-4f4a-851e-c8fa568c20c7', '4de9c41c-eb10-435a-8742-e8725e926a9d', '2022-11-02 13:05:42.871+02', 'provisioner', 'info', 'Starting workspace', 'Outputs: 0') ON CONFLICT DO NOTHING;
INSERT INTO provisioner_job_logs VALUES ('bfe7a100-7f42-471f-a210-b687bda0fc24', 'd6ec4737-feaa-446e-aa14-8b2b98b59bf9', '2022-11-02 13:04:57.739+02', 'provisioner', 'info', 'Starting workspace', 'docker_container.workspace[0]: Creation complete after 1s [id=db4aecde657b126939e8bad412b953314cd1316fe7b3f3d061203d0a71e037e8]') ON CONFLICT DO NOTHING;
INSERT INTO provisioner_job_logs VALUES ('e896bbfe-86a0-4f7b-bf6e-4b848d945cbf', 'd6ec4737-feaa-446e-aa14-8b2b98b59bf9', '2022-11-02 13:04:57.743+02', 'provisioner', 'info', 'Starting workspace', 'Apply complete! Resources: 1 added, 0 changed, 0 destroyed.') ON CONFLICT DO NOTHING;
INSERT INTO provisioner_job_logs VALUES ('250130a2-19fd-4cce-874f-c74d55aa2f14', 'd6ec4737-feaa-446e-aa14-8b2b98b59bf9', '2022-11-02 13:04:57.748+02', 'provisioner', 'info', 'Starting workspace', 'Outputs: 0') ON CONFLICT DO NOTHING;
INSERT INTO provisioner_job_logs VALUES ('91616345-1c98-40ba-a4d3-23514865abb8', 'd6ec4737-feaa-446e-aa14-8b2b98b59bf9', '2022-11-02 13:04:58.769+02', 'provisioner_daemon', 'info', 'Cleaning Up', '') ON CONFLICT DO NOTHING;
INSERT INTO provisioner_job_logs VALUES ('35036434-b0d7-4d8b-9b2e-2a55fb045bd7', '4de9c41c-eb10-435a-8742-e8725e926a9d', '2022-11-02 13:05:40.44+02', 'provisioner_daemon', 'info', 'Setting up', '') ON CONFLICT DO NOTHING;
INSERT INTO provisioner_job_logs VALUES ('80f1e6fd-8e57-46a9-bcc0-436d9ff34cc2', '4de9c41c-eb10-435a-8742-e8725e926a9d', '2022-11-02 13:05:40.444+02', 'provisioner_daemon', 'info', 'Starting workspace', '') ON CONFLICT DO NOTHING;
INSERT INTO provisioner_job_logs VALUES ('d4aa27c1-8b51-455f-ad37-ef3031e9959d', '4de9c41c-eb10-435a-8742-e8725e926a9d', '2022-11-02 13:05:40.535+02', 'provisioner', 'debug', 'Starting workspace', '') ON CONFLICT DO NOTHING;
INSERT INTO provisioner_job_logs VALUES ('ef4ffdad-1b7c-42e9-9ca4-03a878e8efce', '4de9c41c-eb10-435a-8742-e8725e926a9d', '2022-11-02 13:05:40.54+02', 'provisioner', 'debug', 'Starting workspace', 'Initializing the backend...') ON CONFLICT DO NOTHING;
INSERT INTO provisioner_job_logs VALUES ('caae1027-94c4-4ce9-a58a-c7629632c763', '4de9c41c-eb10-435a-8742-e8725e926a9d', '2022-11-02 13:05:40.545+02', 'provisioner', 'debug', 'Starting workspace', '') ON CONFLICT DO NOTHING;
INSERT INTO provisioner_job_logs VALUES ('1d890d4d-1b83-4cbc-b4b9-904150e970ae', '4de9c41c-eb10-435a-8742-e8725e926a9d', '2022-11-02 13:05:40.549+02', 'provisioner', 'debug', 'Starting workspace', 'Initializing provider plugins...') ON CONFLICT DO NOTHING;
INSERT INTO provisioner_job_logs VALUES ('ebe2cf5f-bd32-44e9-95a2-e92fd68e51f4', '4de9c41c-eb10-435a-8742-e8725e926a9d', '2022-11-02 13:05:40.552+02', 'provisioner', 'debug', 'Starting workspace', '- Finding coder/coder versions matching "0.5.0"...') ON CONFLICT DO NOTHING;
INSERT INTO provisioner_job_logs VALUES ('849e5476-f4d6-42aa-9331-a80a27a12107', '4de9c41c-eb10-435a-8742-e8725e926a9d', '2022-11-02 13:05:40.916+02', 'provisioner', 'debug', 'Starting workspace', '- Finding kreuzwerker/docker versions matching "~> 2.20.2"...') ON CONFLICT DO NOTHING;
INSERT INTO provisioner_job_logs VALUES ('0c142d37-a1d7-4ba1-b3e3-a2544952099a', '4de9c41c-eb10-435a-8742-e8725e926a9d', '2022-11-02 13:05:40.984+02', 'provisioner', 'debug', 'Starting workspace', '- Using coder/coder v0.5.0 from the shared cache directory') ON CONFLICT DO NOTHING;
INSERT INTO provisioner_job_logs VALUES ('0654054e-9f59-40b2-b899-0b8a8ec3f33a', '4de9c41c-eb10-435a-8742-e8725e926a9d', '2022-11-02 13:05:41.044+02', 'provisioner', 'debug', 'Starting workspace', '- Using kreuzwerker/docker v2.20.3 from the shared cache directory') ON CONFLICT DO NOTHING;
INSERT INTO provisioner_job_logs VALUES ('edc50f19-4bbe-46bf-8f13-292384708095', '4de9c41c-eb10-435a-8742-e8725e926a9d', '2022-11-02 13:05:41.114+02', 'provisioner', 'debug', 'Starting workspace', '') ON CONFLICT DO NOTHING;
INSERT INTO provisioner_job_logs VALUES ('ce618bdf-d2b0-4857-98d4-842d33f0154b', '4de9c41c-eb10-435a-8742-e8725e926a9d', '2022-11-02 13:05:41.12+02', 'provisioner', 'debug', 'Starting workspace', 'Terraform has created a lock file .terraform.lock.hcl to record the provider') ON CONFLICT DO NOTHING;
INSERT INTO provisioner_job_logs VALUES ('794ea457-7da4-42c0-a960-bf0895541c9c', '4de9c41c-eb10-435a-8742-e8725e926a9d', '2022-11-02 13:05:41.124+02', 'provisioner', 'debug', 'Starting workspace', 'selections it made above. Include this file in your version control repository') ON CONFLICT DO NOTHING;
INSERT INTO provisioner_job_logs VALUES ('47d5a9e6-4b36-4129-a746-5611767673cb', '4de9c41c-eb10-435a-8742-e8725e926a9d', '2022-11-02 13:05:41.128+02', 'provisioner', 'debug', 'Starting workspace', 'so that Terraform can guarantee to make the same selections by default when') ON CONFLICT DO NOTHING;
INSERT INTO provisioner_job_logs VALUES ('b23c35f8-a06c-4716-9d6d-1ab79dda11bf', '4de9c41c-eb10-435a-8742-e8725e926a9d', '2022-11-02 13:05:41.131+02', 'provisioner', 'debug', 'Starting workspace', 'you run "terraform init" in the future.') ON CONFLICT DO NOTHING;
INSERT INTO provisioner_job_logs VALUES ('75fc0daa-c636-49da-b635-09bb34b69a20', '4de9c41c-eb10-435a-8742-e8725e926a9d', '2022-11-02 13:05:41.134+02', 'provisioner', 'debug', 'Starting workspace', '') ON CONFLICT DO NOTHING;
INSERT INTO provisioner_job_logs VALUES ('56702227-afc1-4413-a939-36f521e80d4b', '4de9c41c-eb10-435a-8742-e8725e926a9d', '2022-11-02 13:05:41.137+02', 'provisioner', 'debug', 'Starting workspace', '') ON CONFLICT DO NOTHING;
INSERT INTO provisioner_job_logs VALUES ('becc9242-efa6-4ed9-a69e-8f4c589529d0', '4de9c41c-eb10-435a-8742-e8725e926a9d', '2022-11-02 13:05:41.141+02', 'provisioner', 'debug', 'Starting workspace', 'Warning: Incomplete lock file information for providers') ON CONFLICT DO NOTHING;
INSERT INTO provisioner_job_logs VALUES ('37205ac5-6eb1-4773-9def-cfd48cb8ce11', '4de9c41c-eb10-435a-8742-e8725e926a9d', '2022-11-02 13:05:41.146+02', 'provisioner', 'debug', 'Starting workspace', '') ON CONFLICT DO NOTHING;
INSERT INTO provisioner_job_logs VALUES ('b85b9b97-4fad-442f-8662-af1660d73f3f', '4de9c41c-eb10-435a-8742-e8725e926a9d', '2022-11-02 13:05:41.15+02', 'provisioner', 'debug', 'Starting workspace', 'Due to your customized provider installation methods, Terraform was forced to') ON CONFLICT DO NOTHING;
INSERT INTO provisioner_job_logs VALUES ('80c19b36-2754-4b72-9b5e-59518b293241', '4de9c41c-eb10-435a-8742-e8725e926a9d', '2022-11-02 13:05:41.153+02', 'provisioner', 'debug', 'Starting workspace', 'calculate lock file checksums locally for the following providers:') ON CONFLICT DO NOTHING;
INSERT INTO provisioner_job_logs VALUES ('2dc14d18-0cac-4a18-b7c1-1f3b858db5a3', '4de9c41c-eb10-435a-8742-e8725e926a9d', '2022-11-02 13:05:41.156+02', 'provisioner', 'debug', 'Starting workspace', '  - coder/coder') ON CONFLICT DO NOTHING;
INSERT INTO provisioner_job_logs VALUES ('d0d6d612-755f-418b-8c2c-d3509a42abd0', '4de9c41c-eb10-435a-8742-e8725e926a9d', '2022-11-02 13:05:41.159+02', 'provisioner', 'debug', 'Starting workspace', '  - kreuzwerker/docker') ON CONFLICT DO NOTHING;
INSERT INTO provisioner_job_logs VALUES ('1f466eae-c2b8-4942-a189-07d80f8cd34c', '4de9c41c-eb10-435a-8742-e8725e926a9d', '2022-11-02 13:05:41.162+02', 'provisioner', 'debug', 'Starting workspace', '') ON CONFLICT DO NOTHING;
INSERT INTO provisioner_job_logs VALUES ('cf37bd97-4ae3-404b-8f0a-94a7f2bf9af1', '4de9c41c-eb10-435a-8742-e8725e926a9d', '2022-11-02 13:05:41.165+02', 'provisioner', 'debug', 'Starting workspace', 'The current .terraform.lock.hcl file only includes checksums for linux_amd64,') ON CONFLICT DO NOTHING;
INSERT INTO provisioner_job_logs VALUES ('8000ff14-2939-472d-ae75-ff323d5c02df', '4de9c41c-eb10-435a-8742-e8725e926a9d', '2022-11-02 13:05:41.168+02', 'provisioner', 'debug', 'Starting workspace', 'so Terraform running on another platform will fail to install these') ON CONFLICT DO NOTHING;
INSERT INTO provisioner_job_logs VALUES ('116ed6f5-9486-45c8-a460-de9491854550', '4de9c41c-eb10-435a-8742-e8725e926a9d', '2022-11-02 13:05:41.171+02', 'provisioner', 'debug', 'Starting workspace', 'providers.') ON CONFLICT DO NOTHING;
INSERT INTO provisioner_job_logs VALUES ('3e3ba08f-2010-4e24-bbc9-97a0f17ccae5', '4de9c41c-eb10-435a-8742-e8725e926a9d', '2022-11-02 13:05:41.174+02', 'provisioner', 'debug', 'Starting workspace', '') ON CONFLICT DO NOTHING;
INSERT INTO provisioner_job_logs VALUES ('0ebddff5-9fdf-4026-885e-5bfbe81cf837', '4de9c41c-eb10-435a-8742-e8725e926a9d', '2022-11-02 13:05:41.177+02', 'provisioner', 'debug', 'Starting workspace', 'To calculate additional checksums for another platform, run:') ON CONFLICT DO NOTHING;
INSERT INTO provisioner_job_logs VALUES ('1e283699-cc08-47c6-accc-69c1d1579540', '4de9c41c-eb10-435a-8742-e8725e926a9d', '2022-11-02 13:05:41.179+02', 'provisioner', 'debug', 'Starting workspace', '  terraform providers lock -platform=linux_amd64') ON CONFLICT DO NOTHING;
INSERT INTO provisioner_job_logs VALUES ('08c60987-9653-4c60-8d72-60c930581bac', '4de9c41c-eb10-435a-8742-e8725e926a9d', '2022-11-02 13:05:41.182+02', 'provisioner', 'debug', 'Starting workspace', '(where linux_amd64 is the platform to generate)') ON CONFLICT DO NOTHING;
INSERT INTO provisioner_job_logs VALUES ('ad734b46-eb2b-4566-b2d2-b8f5c6a65192', '4de9c41c-eb10-435a-8742-e8725e926a9d', '2022-11-02 13:05:41.185+02', 'provisioner', 'debug', 'Starting workspace', '') ON CONFLICT DO NOTHING;
INSERT INTO provisioner_job_logs VALUES ('ea094a42-52ef-4974-a81d-db49d6dca17a', '4de9c41c-eb10-435a-8742-e8725e926a9d', '2022-11-02 13:05:41.188+02', 'provisioner', 'debug', 'Starting workspace', 'Terraform has been successfully initialized!') ON CONFLICT DO NOTHING;
INSERT INTO provisioner_job_logs VALUES ('d962bb9b-9ffc-4131-b9e2-4b540a025d20', '4de9c41c-eb10-435a-8742-e8725e926a9d', '2022-11-02 13:05:41.191+02', 'provisioner', 'info', 'Starting workspace', 'Terraform 1.2.8') ON CONFLICT DO NOTHING;
INSERT INTO provisioner_job_logs VALUES ('8edcc52f-4242-4c78-b375-eb343d439e2d', '4de9c41c-eb10-435a-8742-e8725e926a9d', '2022-11-02 13:05:41.916+02', 'provisioner', 'info', 'Starting workspace', 'data.coder_provisioner.me: Refreshing...') ON CONFLICT DO NOTHING;
INSERT INTO provisioner_job_logs VALUES ('33f37088-1e7c-4cfb-b150-5d5e735f6da5', '4de9c41c-eb10-435a-8742-e8725e926a9d', '2022-11-02 13:05:41.924+02', 'provisioner', 'info', 'Starting workspace', 'data.coder_workspace.me: Refreshing...') ON CONFLICT DO NOTHING;
INSERT INTO provisioner_job_logs VALUES ('123192aa-9f05-4924-b724-c44928a6034d', '4de9c41c-eb10-435a-8742-e8725e926a9d', '2022-11-02 13:05:41.928+02', 'provisioner', 'info', 'Starting workspace', 'data.coder_provisioner.me: Refresh complete after 0s [id=fe418e81-b8a0-4f69-87ea-a0a597745e29]') ON CONFLICT DO NOTHING;
INSERT INTO provisioner_job_logs VALUES ('15a7ed53-89f0-43da-af80-9b95649e0697', '4de9c41c-eb10-435a-8742-e8725e926a9d', '2022-11-02 13:05:41.931+02', 'provisioner', 'info', 'Starting workspace', 'data.coder_workspace.me: Refresh complete after 0s [id=b90547be-8870-4d68-8184-e8b2242b7c01]') ON CONFLICT DO NOTHING;
INSERT INTO provisioner_job_logs VALUES ('3109c750-9158-463e-b1c6-7e8a9d562a54', '4de9c41c-eb10-435a-8742-e8725e926a9d', '2022-11-02 13:05:43.883+02', 'provisioner_daemon', 'info', 'Cleaning Up', '') ON CONFLICT DO NOTHING;
INSERT INTO provisioner_job_logs VALUES ('451eda7a-d6a8-464c-893e-78796ef328bd', '424a58cb-61d6-4627-9907-613c396c4a38', '2022-11-02 13:06:03.941+02', 'provisioner_daemon', 'info', 'Setting up', '') ON CONFLICT DO NOTHING;
INSERT INTO provisioner_job_logs VALUES ('6cd03ef3-ca74-4898-b014-3823feef5014', '424a58cb-61d6-4627-9907-613c396c4a38', '2022-11-02 13:06:03.945+02', 'provisioner_daemon', 'info', 'Starting workspace', '') ON CONFLICT DO NOTHING;
INSERT INTO provisioner_job_logs VALUES ('be374e41-cf6f-493b-a799-e2f548f940f5', '424a58cb-61d6-4627-9907-613c396c4a38', '2022-11-02 13:06:04.047+02', 'provisioner', 'debug', 'Starting workspace', '') ON CONFLICT DO NOTHING;
INSERT INTO provisioner_job_logs VALUES ('351f9dbc-1936-4890-b145-d1644c4a346a', '424a58cb-61d6-4627-9907-613c396c4a38', '2022-11-02 13:06:04.05+02', 'provisioner', 'debug', 'Starting workspace', 'Initializing the backend...') ON CONFLICT DO NOTHING;
INSERT INTO provisioner_job_logs VALUES ('040204a2-cdf4-4ee1-9704-7c8ec1fa0374', '424a58cb-61d6-4627-9907-613c396c4a38', '2022-11-02 13:06:04.053+02', 'provisioner', 'debug', 'Starting workspace', '') ON CONFLICT DO NOTHING;
INSERT INTO provisioner_job_logs VALUES ('09c75767-3d08-4673-b4f6-eca8fac2058f', '424a58cb-61d6-4627-9907-613c396c4a38', '2022-11-02 13:06:04.056+02', 'provisioner', 'debug', 'Starting workspace', 'Initializing provider plugins...') ON CONFLICT DO NOTHING;
INSERT INTO provisioner_job_logs VALUES ('c986858c-c26e-49ea-a011-38e07510dc51', '424a58cb-61d6-4627-9907-613c396c4a38', '2022-11-02 13:06:04.059+02', 'provisioner', 'debug', 'Starting workspace', '- Finding kreuzwerker/docker versions matching "~> 2.20.2"...') ON CONFLICT DO NOTHING;
INSERT INTO provisioner_job_logs VALUES ('1e352ba9-9fda-4a5e-9bc6-38baac1ac124', '424a58cb-61d6-4627-9907-613c396c4a38', '2022-11-02 13:06:05.453+02', 'provisioner', 'debug', 'Starting workspace', '- Finding coder/coder versions matching "0.5.0"...') ON CONFLICT DO NOTHING;
INSERT INTO provisioner_job_logs VALUES ('778be809-e832-4518-b63c-b4d4ea9bb24f', '424a58cb-61d6-4627-9907-613c396c4a38', '2022-11-02 13:06:05.62+02', 'provisioner', 'debug', 'Starting workspace', '- Using kreuzwerker/docker v2.20.3 from the shared cache directory') ON CONFLICT DO NOTHING;
INSERT INTO provisioner_job_logs VALUES ('d2302004-ed2b-4071-bec5-ce9f16446aaa', '424a58cb-61d6-4627-9907-613c396c4a38', '2022-11-02 13:06:05.695+02', 'provisioner', 'debug', 'Starting workspace', '- Using coder/coder v0.5.0 from the shared cache directory') ON CONFLICT DO NOTHING;
INSERT INTO provisioner_job_logs VALUES ('4055c54c-f128-46a1-86f9-ccec28d9cb9f', '424a58cb-61d6-4627-9907-613c396c4a38', '2022-11-02 13:06:05.75+02', 'provisioner', 'debug', 'Starting workspace', '') ON CONFLICT DO NOTHING;
INSERT INTO provisioner_job_logs VALUES ('05cdffde-f37a-4899-97ad-b3954c99fe20', '424a58cb-61d6-4627-9907-613c396c4a38', '2022-11-02 13:06:05.754+02', 'provisioner', 'debug', 'Starting workspace', 'Terraform has created a lock file .terraform.lock.hcl to record the provider') ON CONFLICT DO NOTHING;
INSERT INTO provisioner_job_logs VALUES ('20215593-28a0-4a44-8d23-f990171d6e25', '424a58cb-61d6-4627-9907-613c396c4a38', '2022-11-02 13:06:05.758+02', 'provisioner', 'debug', 'Starting workspace', 'selections it made above. Include this file in your version control repository') ON CONFLICT DO NOTHING;
INSERT INTO provisioner_job_logs VALUES ('74c22124-ad8c-4c8b-9c38-e074c0a6690b', '424a58cb-61d6-4627-9907-613c396c4a38', '2022-11-02 13:06:05.761+02', 'provisioner', 'debug', 'Starting workspace', 'so that Terraform can guarantee to make the same selections by default when') ON CONFLICT DO NOTHING;
INSERT INTO provisioner_job_logs VALUES ('f5df23a6-6461-4b64-bb02-16b4c8a8558c', '424a58cb-61d6-4627-9907-613c396c4a38', '2022-11-02 13:06:05.764+02', 'provisioner', 'debug', 'Starting workspace', 'you run "terraform init" in the future.') ON CONFLICT DO NOTHING;
INSERT INTO provisioner_job_logs VALUES ('89564128-9d95-4dbf-bfc9-3e0a3e080f6a', '424a58cb-61d6-4627-9907-613c396c4a38', '2022-11-02 13:06:05.766+02', 'provisioner', 'debug', 'Starting workspace', '') ON CONFLICT DO NOTHING;
INSERT INTO provisioner_job_logs VALUES ('e9c32ce3-71f1-4b4c-a269-c8f26b70d2cf', '424a58cb-61d6-4627-9907-613c396c4a38', '2022-11-02 13:06:05.769+02', 'provisioner', 'debug', 'Starting workspace', '') ON CONFLICT DO NOTHING;
INSERT INTO provisioner_job_logs VALUES ('9ea0b406-aed4-4dde-978d-0aa184d905ab', '424a58cb-61d6-4627-9907-613c396c4a38', '2022-11-02 13:06:05.772+02', 'provisioner', 'debug', 'Starting workspace', 'Warning: Incomplete lock file information for providers') ON CONFLICT DO NOTHING;
INSERT INTO provisioner_job_logs VALUES ('e2c45f9e-f037-41fc-b1a0-3415309a4bc7', '424a58cb-61d6-4627-9907-613c396c4a38', '2022-11-02 13:06:05.775+02', 'provisioner', 'debug', 'Starting workspace', '') ON CONFLICT DO NOTHING;
INSERT INTO provisioner_job_logs VALUES ('e70b1f1f-a226-481b-99a7-84ea9df1aeee', '424a58cb-61d6-4627-9907-613c396c4a38', '2022-11-02 13:06:05.778+02', 'provisioner', 'debug', 'Starting workspace', 'Due to your customized provider installation methods, Terraform was forced to') ON CONFLICT DO NOTHING;
INSERT INTO provisioner_job_logs VALUES ('f2724cf1-bbda-40ba-825f-64333171092f', '424a58cb-61d6-4627-9907-613c396c4a38', '2022-11-02 13:06:05.78+02', 'provisioner', 'debug', 'Starting workspace', 'calculate lock file checksums locally for the following providers:') ON CONFLICT DO NOTHING;
INSERT INTO provisioner_job_logs VALUES ('4727c32b-90e1-4d27-9c52-e782f00aec3c', '424a58cb-61d6-4627-9907-613c396c4a38', '2022-11-02 13:06:05.783+02', 'provisioner', 'debug', 'Starting workspace', '  - coder/coder') ON CONFLICT DO NOTHING;
INSERT INTO provisioner_job_logs VALUES ('56d15d39-2f3a-4128-9462-109a7c35d3e4', '424a58cb-61d6-4627-9907-613c396c4a38', '2022-11-02 13:06:05.785+02', 'provisioner', 'debug', 'Starting workspace', '  - kreuzwerker/docker') ON CONFLICT DO NOTHING;
INSERT INTO provisioner_job_logs VALUES ('d2837d78-e7d6-4c6e-a7cf-4083f774a060', '424a58cb-61d6-4627-9907-613c396c4a38', '2022-11-02 13:06:05.79+02', 'provisioner', 'debug', 'Starting workspace', '') ON CONFLICT DO NOTHING;
INSERT INTO provisioner_job_logs VALUES ('fd344fbd-5269-4d53-9d24-2f0a3e07b3f5', '424a58cb-61d6-4627-9907-613c396c4a38', '2022-11-02 13:06:05.792+02', 'provisioner', 'debug', 'Starting workspace', 'The current .terraform.lock.hcl file only includes checksums for linux_amd64,') ON CONFLICT DO NOTHING;
INSERT INTO provisioner_job_logs VALUES ('eb228344-c8f8-4ba8-a2f4-b486ff59d8fe', '424a58cb-61d6-4627-9907-613c396c4a38', '2022-11-02 13:06:05.796+02', 'provisioner', 'debug', 'Starting workspace', 'so Terraform running on another platform will fail to install these') ON CONFLICT DO NOTHING;
INSERT INTO provisioner_job_logs VALUES ('192a9ac1-af63-4aca-9dbf-3861ab360ee6', '424a58cb-61d6-4627-9907-613c396c4a38', '2022-11-02 13:06:05.804+02', 'provisioner', 'debug', 'Starting workspace', 'providers.') ON CONFLICT DO NOTHING;
INSERT INTO provisioner_job_logs VALUES ('b6517635-07cc-439a-bca9-a738bae94c53', '424a58cb-61d6-4627-9907-613c396c4a38', '2022-11-02 13:06:05.807+02', 'provisioner', 'debug', 'Starting workspace', '') ON CONFLICT DO NOTHING;
INSERT INTO provisioner_job_logs VALUES ('cd3c921e-7929-49e4-b853-7713f7da68aa', '424a58cb-61d6-4627-9907-613c396c4a38', '2022-11-02 13:06:05.809+02', 'provisioner', 'debug', 'Starting workspace', 'To calculate additional checksums for another platform, run:') ON CONFLICT DO NOTHING;
INSERT INTO provisioner_job_logs VALUES ('c98500c6-8ce5-4e15-9403-aa97f618141a', '424a58cb-61d6-4627-9907-613c396c4a38', '2022-11-02 13:06:05.812+02', 'provisioner', 'debug', 'Starting workspace', '  terraform providers lock -platform=linux_amd64') ON CONFLICT DO NOTHING;
INSERT INTO provisioner_job_logs VALUES ('754568bf-a947-459e-abc5-03e37cb53b5f', '424a58cb-61d6-4627-9907-613c396c4a38', '2022-11-02 13:06:05.814+02', 'provisioner', 'debug', 'Starting workspace', '(where linux_amd64 is the platform to generate)') ON CONFLICT DO NOTHING;
INSERT INTO provisioner_job_logs VALUES ('bc0becf0-9184-4fb3-853a-d5e3d6be25f4', '424a58cb-61d6-4627-9907-613c396c4a38', '2022-11-02 13:06:05.817+02', 'provisioner', 'debug', 'Starting workspace', '') ON CONFLICT DO NOTHING;
INSERT INTO provisioner_job_logs VALUES ('0b62b0a7-de63-44b1-9a7f-a08210fa8283', '424a58cb-61d6-4627-9907-613c396c4a38', '2022-11-02 13:06:05.82+02', 'provisioner', 'debug', 'Starting workspace', 'Terraform has been successfully initialized!') ON CONFLICT DO NOTHING;
INSERT INTO provisioner_job_logs VALUES ('f3a49bd8-51e1-4a88-8a21-58cec8640e50', '424a58cb-61d6-4627-9907-613c396c4a38', '2022-11-02 13:06:05.823+02', 'provisioner', 'info', 'Starting workspace', 'Terraform 1.2.8') ON CONFLICT DO NOTHING;
INSERT INTO provisioner_job_logs VALUES ('0863b4d2-84aa-43b1-8d52-a13e4ed91902', '424a58cb-61d6-4627-9907-613c396c4a38', '2022-11-02 13:06:06.584+02', 'provisioner', 'info', 'Starting workspace', 'data.coder_workspace.me: Refreshing...') ON CONFLICT DO NOTHING;
INSERT INTO provisioner_job_logs VALUES ('8739d789-e629-4047-9e3a-499eae4c3d8a', '424a58cb-61d6-4627-9907-613c396c4a38', '2022-11-02 13:06:06.588+02', 'provisioner', 'info', 'Starting workspace', 'data.coder_provisioner.me: Refreshing...') ON CONFLICT DO NOTHING;
INSERT INTO provisioner_job_logs VALUES ('790ba241-04b6-4dbc-a703-3aae9f28eae9', '424a58cb-61d6-4627-9907-613c396c4a38', '2022-11-02 13:06:06.592+02', 'provisioner', 'info', 'Starting workspace', 'data.coder_provisioner.me: Refresh complete after 0s [id=10c01a50-bec1-446c-b395-5d184fba369d]') ON CONFLICT DO NOTHING;
INSERT INTO provisioner_job_logs VALUES ('1e2e80ff-f1d5-4285-9a4c-6dc918f024a2', '424a58cb-61d6-4627-9907-613c396c4a38', '2022-11-02 13:06:06.595+02', 'provisioner', 'info', 'Starting workspace', 'data.coder_workspace.me: Refresh complete after 0s [id=2d72d32e-3021-4843-b582-d962fee897e2]') ON CONFLICT DO NOTHING;
INSERT INTO provisioner_job_logs VALUES ('c8c6b94f-4a28-4e85-8c84-df60494cf98b', '424a58cb-61d6-4627-9907-613c396c4a38', '2022-11-02 13:06:06.618+02', 'provisioner', 'info', 'Starting workspace', 'docker_volume.home_volume: Plan to create') ON CONFLICT DO NOTHING;
INSERT INTO provisioner_job_logs VALUES ('f83f42ae-5671-49b4-9bb0-0fa535fc4d47', '424a58cb-61d6-4627-9907-613c396c4a38', '2022-11-02 13:06:06.622+02', 'provisioner', 'info', 'Starting workspace', 'coder_agent.main: Plan to create') ON CONFLICT DO NOTHING;
INSERT INTO provisioner_job_logs VALUES ('9725ca37-c56a-4e25-ba87-3eda93cab7cc', '424a58cb-61d6-4627-9907-613c396c4a38', '2022-11-02 13:06:06.624+02', 'provisioner', 'info', 'Starting workspace', 'coder_app.code-server: Plan to create') ON CONFLICT DO NOTHING;
INSERT INTO provisioner_job_logs VALUES ('73c7ed3c-7753-4823-b7ef-6826edfb7905', '424a58cb-61d6-4627-9907-613c396c4a38', '2022-11-02 13:06:06.627+02', 'provisioner', 'info', 'Starting workspace', 'docker_container.workspace[0]: Plan to create') ON CONFLICT DO NOTHING;
INSERT INTO provisioner_job_logs VALUES ('ed4512d2-c3b6-4368-9291-0be933767557', '424a58cb-61d6-4627-9907-613c396c4a38', '2022-11-02 13:06:06.632+02', 'provisioner', 'info', 'Starting workspace', 'Plan: 4 to add, 0 to change, 0 to destroy.') ON CONFLICT DO NOTHING;
INSERT INTO provisioner_job_logs VALUES ('fc3e96db-5178-411a-8282-b8ee8e5db38f', '424a58cb-61d6-4627-9907-613c396c4a38', '2022-11-02 13:06:06.836+02', 'provisioner', 'info', 'Starting workspace', 'docker_volume.home_volume: Creating...') ON CONFLICT DO NOTHING;
INSERT INTO provisioner_job_logs VALUES ('b7a50c72-1b48-4c37-833d-76560b60bf4f', '424a58cb-61d6-4627-9907-613c396c4a38', '2022-11-02 13:06:06.841+02', 'provisioner', 'info', 'Starting workspace', 'coder_agent.main: Creating...') ON CONFLICT DO NOTHING;
INSERT INTO provisioner_job_logs VALUES ('e87d2c28-3bd0-43ce-8b8a-6aa58264d7ab', '424a58cb-61d6-4627-9907-613c396c4a38', '2022-11-02 13:06:06.844+02', 'provisioner', 'info', 'Starting workspace', 'docker_volume.home_volume: Creation complete after 0s [id=coder-oauthuser1-scheduled-root]') ON CONFLICT DO NOTHING;
INSERT INTO provisioner_job_logs VALUES ('3741adca-df5c-41fb-9031-7c2e9e8a35bd', '424a58cb-61d6-4627-9907-613c396c4a38', '2022-11-02 13:06:06.847+02', 'provisioner', 'info', 'Starting workspace', 'coder_agent.main: Creation complete after 0s [id=8841874d-0c5c-49ab-ab10-2c6b8e509433]') ON CONFLICT DO NOTHING;
INSERT INTO provisioner_job_logs VALUES ('1e2bf69c-236a-430d-8824-16b04daaee9b', '424a58cb-61d6-4627-9907-613c396c4a38', '2022-11-02 13:06:06.853+02', 'provisioner', 'info', 'Starting workspace', 'coder_app.code-server: Creating...') ON CONFLICT DO NOTHING;
INSERT INTO provisioner_job_logs VALUES ('3f6087ff-301b-44c0-a892-88e5523048dc', '424a58cb-61d6-4627-9907-613c396c4a38', '2022-11-02 13:06:06.858+02', 'provisioner', 'info', 'Starting workspace', 'coder_app.code-server: Creation complete after 0s [id=86ac90e2-cc81-41dc-a16e-eeca54c8a3c7]') ON CONFLICT DO NOTHING;
INSERT INTO provisioner_job_logs VALUES ('03e0d14e-d50e-4a91-a845-dd5140cea0b0', '424a58cb-61d6-4627-9907-613c396c4a38', '2022-11-02 13:06:06.862+02', 'provisioner', 'info', 'Starting workspace', 'docker_container.workspace[0]: Creating...') ON CONFLICT DO NOTHING;
INSERT INTO provisioner_job_logs VALUES ('0f701ad8-b85b-4515-aa10-426a9dd532a9', '424a58cb-61d6-4627-9907-613c396c4a38', '2022-11-02 13:06:07.559+02', 'provisioner', 'info', 'Starting workspace', 'docker_container.workspace[0]: Creation complete after 1s [id=031ada2ead4766de08331f05ed2e5f0d674166517757edf1b924886b1359cab5]') ON CONFLICT DO NOTHING;
INSERT INTO provisioner_job_logs VALUES ('7dcd63a2-1e80-4927-adca-1b19e6e3f7d4', '424a58cb-61d6-4627-9907-613c396c4a38', '2022-11-02 13:06:07.57+02', 'provisioner', 'info', 'Starting workspace', 'Apply complete! Resources: 4 added, 0 changed, 0 destroyed.') ON CONFLICT DO NOTHING;
INSERT INTO provisioner_job_logs VALUES ('32909e4c-0dd2-43c2-b231-01314ae83bd8', '424a58cb-61d6-4627-9907-613c396c4a38', '2022-11-02 13:06:07.578+02', 'provisioner', 'info', 'Starting workspace', 'Outputs: 0') ON CONFLICT DO NOTHING;
INSERT INTO provisioner_job_logs VALUES ('ca4907f9-2158-4254-9a70-7366407b0789', '424a58cb-61d6-4627-9907-613c396c4a38', '2022-11-02 13:06:08.667+02', 'provisioner_daemon', 'info', 'Cleaning Up', '') ON CONFLICT DO NOTHING;
INSERT INTO provisioner_job_logs VALUES ('ec5ec4b3-49a7-4400-9085-3dadca04e656', 'f042af17-e3a2-4194-af67-e416302bc860', '2022-11-02 13:07:52.934+02', 'provisioner_daemon', 'info', 'Setting up', '') ON CONFLICT DO NOTHING;
INSERT INTO provisioner_job_logs VALUES ('97069c13-0085-41f7-b515-144630e3d10c', 'f042af17-e3a2-4194-af67-e416302bc860', '2022-11-02 13:07:52.945+02', 'provisioner_daemon', 'info', 'Adding README.md...', '') ON CONFLICT DO NOTHING;
INSERT INTO provisioner_job_logs VALUES ('bc2dc6d3-e103-454e-a0ea-28e3ee516811', 'f042af17-e3a2-4194-af67-e416302bc860', '2022-11-02 13:07:52.951+02', 'provisioner_daemon', 'info', 'Parse parameters', '') ON CONFLICT DO NOTHING;
INSERT INTO provisioner_job_logs VALUES ('14bc3811-9fca-427e-8bca-bdf4124c8c42', 'f042af17-e3a2-4194-af67-e416302bc860', '2022-11-02 13:07:52.965+02', 'provisioner_daemon', 'info', 'Detecting persistent resources', '') ON CONFLICT DO NOTHING;
INSERT INTO provisioner_job_logs VALUES ('f38628b1-2b19-4221-9a82-721b4064245a', 'f042af17-e3a2-4194-af67-e416302bc860', '2022-11-02 13:07:53.058+02', 'provisioner', 'debug', 'Detecting persistent resources', '') ON CONFLICT DO NOTHING;
INSERT INTO provisioner_job_logs VALUES ('bae7a730-6853-41bf-aec3-df57021ef685', 'f042af17-e3a2-4194-af67-e416302bc860', '2022-11-02 13:07:53.062+02', 'provisioner', 'debug', 'Detecting persistent resources', 'Initializing the backend...') ON CONFLICT DO NOTHING;
INSERT INTO provisioner_job_logs VALUES ('2cd32c99-b560-4029-9cfe-eddbb7b169b6', 'f042af17-e3a2-4194-af67-e416302bc860', '2022-11-02 13:07:53.066+02', 'provisioner', 'debug', 'Detecting persistent resources', '') ON CONFLICT DO NOTHING;
INSERT INTO provisioner_job_logs VALUES ('618f2905-ded6-4342-826b-230e3f1b07ac', 'f042af17-e3a2-4194-af67-e416302bc860', '2022-11-02 13:07:53.069+02', 'provisioner', 'debug', 'Detecting persistent resources', 'Initializing provider plugins...') ON CONFLICT DO NOTHING;
INSERT INTO provisioner_job_logs VALUES ('fcd5133c-02a9-45d5-98f8-343c28c192b8', 'f042af17-e3a2-4194-af67-e416302bc860', '2022-11-02 13:07:53.072+02', 'provisioner', 'debug', 'Detecting persistent resources', '- Finding coder/coder versions matching "0.5.0"...') ON CONFLICT DO NOTHING;
INSERT INTO provisioner_job_logs VALUES ('edc4a28a-1a05-4181-b523-3b7866ed47d0', 'f042af17-e3a2-4194-af67-e416302bc860', '2022-11-02 13:07:53.214+02', 'provisioner', 'debug', 'Detecting persistent resources', '- Finding kreuzwerker/docker versions matching "~> 2.20.2"...') ON CONFLICT DO NOTHING;
INSERT INTO provisioner_job_logs VALUES ('3abbd207-79d1-472e-b311-5d12cfa2adf0', 'f042af17-e3a2-4194-af67-e416302bc860', '2022-11-02 13:07:53.311+02', 'provisioner', 'debug', 'Detecting persistent resources', '- Using coder/coder v0.5.0 from the shared cache directory') ON CONFLICT DO NOTHING;
INSERT INTO provisioner_job_logs VALUES ('055d02e9-70a8-458a-b63f-c9bf055f61b4', 'f042af17-e3a2-4194-af67-e416302bc860', '2022-11-02 13:07:53.371+02', 'provisioner', 'debug', 'Detecting persistent resources', '- Using kreuzwerker/docker v2.20.3 from the shared cache directory') ON CONFLICT DO NOTHING;
INSERT INTO provisioner_job_logs VALUES ('0d385c88-0c06-4cd1-b69b-23690fa3c6dc', 'f042af17-e3a2-4194-af67-e416302bc860', '2022-11-02 13:07:53.443+02', 'provisioner', 'debug', 'Detecting persistent resources', '') ON CONFLICT DO NOTHING;
INSERT INTO provisioner_job_logs VALUES ('be40524d-3b27-402b-9253-9eb7afd8b3a7', 'f042af17-e3a2-4194-af67-e416302bc860', '2022-11-02 13:07:53.447+02', 'provisioner', 'debug', 'Detecting persistent resources', 'Terraform has created a lock file .terraform.lock.hcl to record the provider') ON CONFLICT DO NOTHING;
INSERT INTO provisioner_job_logs VALUES ('186eacc1-237e-43ea-bf17-747f20277e80', 'f042af17-e3a2-4194-af67-e416302bc860', '2022-11-02 13:07:53.45+02', 'provisioner', 'debug', 'Detecting persistent resources', 'selections it made above. Include this file in your version control repository') ON CONFLICT DO NOTHING;
INSERT INTO provisioner_job_logs VALUES ('72fea3ac-e12c-4222-9a65-23b303fbde51', 'f042af17-e3a2-4194-af67-e416302bc860', '2022-11-02 13:07:53.453+02', 'provisioner', 'debug', 'Detecting persistent resources', 'so that Terraform can guarantee to make the same selections by default when') ON CONFLICT DO NOTHING;
INSERT INTO provisioner_job_logs VALUES ('a51ebdff-8f37-4a2a-9715-139db970054a', 'f042af17-e3a2-4194-af67-e416302bc860', '2022-11-02 13:07:53.457+02', 'provisioner', 'debug', 'Detecting persistent resources', 'you run "terraform init" in the future.') ON CONFLICT DO NOTHING;
INSERT INTO provisioner_job_logs VALUES ('2ed720c7-8872-46f1-aff2-d637b8ba8f47', 'f042af17-e3a2-4194-af67-e416302bc860', '2022-11-02 13:07:53.462+02', 'provisioner', 'debug', 'Detecting persistent resources', '') ON CONFLICT DO NOTHING;
INSERT INTO provisioner_job_logs VALUES ('72d48510-300f-4155-8ba7-7abeda40e411', 'f042af17-e3a2-4194-af67-e416302bc860', '2022-11-02 13:07:53.466+02', 'provisioner', 'debug', 'Detecting persistent resources', '') ON CONFLICT DO NOTHING;
INSERT INTO provisioner_job_logs VALUES ('234761af-f52a-4b87-9c91-80708bfb57df', 'f042af17-e3a2-4194-af67-e416302bc860', '2022-11-02 13:07:53.469+02', 'provisioner', 'debug', 'Detecting persistent resources', 'Warning: Incomplete lock file information for providers') ON CONFLICT DO NOTHING;
INSERT INTO provisioner_job_logs VALUES ('c1f61684-7229-459f-87d3-52f548675d1e', 'f042af17-e3a2-4194-af67-e416302bc860', '2022-11-02 13:07:53.471+02', 'provisioner', 'debug', 'Detecting persistent resources', '') ON CONFLICT DO NOTHING;
INSERT INTO provisioner_job_logs VALUES ('4f76df82-b848-4225-82c1-5e8787258b24', 'f042af17-e3a2-4194-af67-e416302bc860', '2022-11-02 13:07:53.475+02', 'provisioner', 'debug', 'Detecting persistent resources', 'Due to your customized provider installation methods, Terraform was forced to') ON CONFLICT DO NOTHING;
INSERT INTO provisioner_job_logs VALUES ('20510fda-a6a1-4999-95db-cc3fb4458f5a', 'f042af17-e3a2-4194-af67-e416302bc860', '2022-11-02 13:07:53.478+02', 'provisioner', 'debug', 'Detecting persistent resources', 'calculate lock file checksums locally for the following providers:') ON CONFLICT DO NOTHING;
INSERT INTO provisioner_job_logs VALUES ('577517b0-be37-4fac-b9c8-a91840bfdf13', 'f042af17-e3a2-4194-af67-e416302bc860', '2022-11-02 13:07:53.481+02', 'provisioner', 'debug', 'Detecting persistent resources', '  - coder/coder') ON CONFLICT DO NOTHING;
INSERT INTO provisioner_job_logs VALUES ('eda778eb-66b5-436a-a576-e6793f41b04b', 'f042af17-e3a2-4194-af67-e416302bc860', '2022-11-02 13:07:53.484+02', 'provisioner', 'debug', 'Detecting persistent resources', '  - kreuzwerker/docker') ON CONFLICT DO NOTHING;
INSERT INTO provisioner_job_logs VALUES ('b6ba43a9-188a-479c-8200-9dc1771558d3', 'f042af17-e3a2-4194-af67-e416302bc860', '2022-11-02 13:07:53.486+02', 'provisioner', 'debug', 'Detecting persistent resources', '') ON CONFLICT DO NOTHING;
INSERT INTO provisioner_job_logs VALUES ('7341e996-a19b-4a5a-a969-f12137c06c99', 'f042af17-e3a2-4194-af67-e416302bc860', '2022-11-02 13:07:53.49+02', 'provisioner', 'debug', 'Detecting persistent resources', 'The current .terraform.lock.hcl file only includes checksums for linux_amd64,') ON CONFLICT DO NOTHING;
INSERT INTO provisioner_job_logs VALUES ('3618eb39-3cf5-421c-89be-5f5d8fb18050', 'f042af17-e3a2-4194-af67-e416302bc860', '2022-11-02 13:07:53.493+02', 'provisioner', 'debug', 'Detecting persistent resources', 'so Terraform running on another platform will fail to install these') ON CONFLICT DO NOTHING;
INSERT INTO provisioner_job_logs VALUES ('0c493997-4fea-4e34-9427-66a80b29713f', 'f042af17-e3a2-4194-af67-e416302bc860', '2022-11-02 13:07:53.498+02', 'provisioner', 'debug', 'Detecting persistent resources', 'providers.') ON CONFLICT DO NOTHING;
INSERT INTO provisioner_job_logs VALUES ('8f0eedec-76e5-45a7-96d6-0f6053dd2b7a', 'f042af17-e3a2-4194-af67-e416302bc860', '2022-11-02 13:07:53.501+02', 'provisioner', 'debug', 'Detecting persistent resources', '') ON CONFLICT DO NOTHING;
INSERT INTO provisioner_job_logs VALUES ('3bcac134-e265-4cb4-b222-42239602b230', 'f042af17-e3a2-4194-af67-e416302bc860', '2022-11-02 13:07:53.504+02', 'provisioner', 'debug', 'Detecting persistent resources', 'To calculate additional checksums for another platform, run:') ON CONFLICT DO NOTHING;
INSERT INTO provisioner_job_logs VALUES ('5baf397f-d719-49e7-9c64-5868ab6867d3', 'f042af17-e3a2-4194-af67-e416302bc860', '2022-11-02 13:07:53.507+02', 'provisioner', 'debug', 'Detecting persistent resources', '  terraform providers lock -platform=linux_amd64') ON CONFLICT DO NOTHING;
INSERT INTO provisioner_job_logs VALUES ('11f29f58-7699-4825-9f19-044991e2bd72', 'f042af17-e3a2-4194-af67-e416302bc860', '2022-11-02 13:07:53.509+02', 'provisioner', 'debug', 'Detecting persistent resources', '(where linux_amd64 is the platform to generate)') ON CONFLICT DO NOTHING;
INSERT INTO provisioner_job_logs VALUES ('4290e889-0524-4a44-a863-50ca5c995dd6', 'f042af17-e3a2-4194-af67-e416302bc860', '2022-11-02 13:07:53.512+02', 'provisioner', 'debug', 'Detecting persistent resources', '') ON CONFLICT DO NOTHING;
INSERT INTO provisioner_job_logs VALUES ('8673bef9-01b6-4012-85f0-405abd2bc018', 'f042af17-e3a2-4194-af67-e416302bc860', '2022-11-02 13:07:53.514+02', 'provisioner', 'debug', 'Detecting persistent resources', 'Terraform has been successfully initialized!') ON CONFLICT DO NOTHING;
INSERT INTO provisioner_job_logs VALUES ('e61d6c01-774f-466f-80c5-d48d9d650659', 'f042af17-e3a2-4194-af67-e416302bc860', '2022-11-02 13:07:53.517+02', 'provisioner', 'info', 'Detecting persistent resources', 'Terraform 1.2.8') ON CONFLICT DO NOTHING;
INSERT INTO provisioner_job_logs VALUES ('5f1cb4d0-6333-40c9-a4f6-35a33707850e', 'f042af17-e3a2-4194-af67-e416302bc860', '2022-11-02 13:07:54.242+02', 'provisioner', 'info', 'Detecting persistent resources', 'data.coder_workspace.me: Refreshing...') ON CONFLICT DO NOTHING;
INSERT INTO provisioner_job_logs VALUES ('9349299d-5e9f-4392-a0a9-bf57b81a486e', 'f042af17-e3a2-4194-af67-e416302bc860', '2022-11-02 13:07:54.247+02', 'provisioner', 'info', 'Detecting persistent resources', 'data.coder_provisioner.me: Refreshing...') ON CONFLICT DO NOTHING;
INSERT INTO provisioner_job_logs VALUES ('03d69f7f-1ba0-4ff3-b165-57644ae74ea0', 'f042af17-e3a2-4194-af67-e416302bc860', '2022-11-02 13:07:54.253+02', 'provisioner', 'info', 'Detecting persistent resources', 'data.coder_provisioner.me: Refresh complete after 0s [id=0c2a9b56-6788-426a-b51f-d1020b2f946c]') ON CONFLICT DO NOTHING;
INSERT INTO provisioner_job_logs VALUES ('2b4f8569-69f4-484a-a0ba-274e7c508460', 'f042af17-e3a2-4194-af67-e416302bc860', '2022-11-02 13:07:54.257+02', 'provisioner', 'info', 'Detecting persistent resources', 'data.coder_workspace.me: Refresh complete after 0s [id=f029c2d7-f293-4d65-95e5-fbbec8069da5]') ON CONFLICT DO NOTHING;
INSERT INTO provisioner_job_logs VALUES ('2d426394-18e9-4eff-9b3f-7f8ca8212a0e', 'f042af17-e3a2-4194-af67-e416302bc860', '2022-11-02 13:07:54.284+02', 'provisioner', 'info', 'Detecting persistent resources', 'coder_agent.main: Plan to create') ON CONFLICT DO NOTHING;
INSERT INTO provisioner_job_logs VALUES ('4f281678-1ff4-4a32-83bd-0357f02279dc', 'f042af17-e3a2-4194-af67-e416302bc860', '2022-11-02 13:07:54.29+02', 'provisioner', 'info', 'Detecting persistent resources', 'coder_app.code-server: Plan to create') ON CONFLICT DO NOTHING;
INSERT INTO provisioner_job_logs VALUES ('e0dde379-7983-41fc-ae3f-125adbb7e0a4', 'f042af17-e3a2-4194-af67-e416302bc860', '2022-11-02 13:07:54.294+02', 'provisioner', 'info', 'Detecting persistent resources', 'docker_volume.home_volume: Plan to create') ON CONFLICT DO NOTHING;
INSERT INTO provisioner_job_logs VALUES ('1359a82f-17d0-46c4-908b-a6623aec532a', 'f042af17-e3a2-4194-af67-e416302bc860', '2022-11-02 13:07:54.299+02', 'provisioner', 'info', 'Detecting persistent resources', 'docker_container.workspace[0]: Plan to create') ON CONFLICT DO NOTHING;
INSERT INTO provisioner_job_logs VALUES ('46b1948d-b07b-480f-9cb5-94dc56c76414', 'f042af17-e3a2-4194-af67-e416302bc860', '2022-11-02 13:07:54.303+02', 'provisioner', 'info', 'Detecting persistent resources', 'Plan: 4 to add, 0 to change, 0 to destroy.') ON CONFLICT DO NOTHING;
INSERT INTO provisioner_job_logs VALUES ('c4a04254-ac4e-49b1-9922-18f00beb81f3', 'f042af17-e3a2-4194-af67-e416302bc860', '2022-11-02 13:07:55.086+02', 'provisioner_daemon', 'info', 'Detecting ephemeral resources', '') ON CONFLICT DO NOTHING;
INSERT INTO provisioner_job_logs VALUES ('8ac6dfa1-dd6e-48c4-95c9-9d43a3f81fd1', 'f042af17-e3a2-4194-af67-e416302bc860', '2022-11-02 13:07:55.169+02', 'provisioner', 'debug', 'Detecting ephemeral resources', '') ON CONFLICT DO NOTHING;
INSERT INTO provisioner_job_logs VALUES ('e833f596-ecf0-42aa-a4ab-544becc93b2f', 'f042af17-e3a2-4194-af67-e416302bc860', '2022-11-02 13:07:55.173+02', 'provisioner', 'debug', 'Detecting ephemeral resources', 'Initializing the backend...') ON CONFLICT DO NOTHING;
INSERT INTO provisioner_job_logs VALUES ('53d42646-4d25-4f0a-a90a-2e7344952e04', 'f042af17-e3a2-4194-af67-e416302bc860', '2022-11-02 13:07:55.306+02', 'provisioner', 'debug', 'Detecting ephemeral resources', '') ON CONFLICT DO NOTHING;
INSERT INTO provisioner_job_logs VALUES ('e58bd9b1-03dd-4650-a530-7264f1b77256', 'f042af17-e3a2-4194-af67-e416302bc860', '2022-11-02 13:07:55.311+02', 'provisioner', 'debug', 'Detecting ephemeral resources', 'Initializing provider plugins...') ON CONFLICT DO NOTHING;
INSERT INTO provisioner_job_logs VALUES ('13f5bbd4-c399-4896-ad60-3a180a814ee9', 'f042af17-e3a2-4194-af67-e416302bc860', '2022-11-02 13:07:55.314+02', 'provisioner', 'debug', 'Detecting ephemeral resources', '- Reusing previous version of coder/coder from the dependency lock file') ON CONFLICT DO NOTHING;
INSERT INTO provisioner_job_logs VALUES ('4d5547c9-22e3-4dc2-a13d-ce958cad5d05', 'f042af17-e3a2-4194-af67-e416302bc860', '2022-11-02 13:07:55.55+02', 'provisioner', 'debug', 'Detecting ephemeral resources', '- Reusing previous version of kreuzwerker/docker from the dependency lock file') ON CONFLICT DO NOTHING;
INSERT INTO provisioner_job_logs VALUES ('fc1acf12-6058-44c9-a7a3-18ec67538272', 'f042af17-e3a2-4194-af67-e416302bc860', '2022-11-02 13:07:55.77+02', 'provisioner', 'debug', 'Detecting ephemeral resources', '- Using previously-installed coder/coder v0.5.0') ON CONFLICT DO NOTHING;
INSERT INTO provisioner_job_logs VALUES ('04728b40-6184-41fc-833c-e1b1299ce625', 'f042af17-e3a2-4194-af67-e416302bc860', '2022-11-02 13:07:55.854+02', 'provisioner', 'debug', 'Detecting ephemeral resources', '- Using previously-installed kreuzwerker/docker v2.20.3') ON CONFLICT DO NOTHING;
INSERT INTO provisioner_job_logs VALUES ('501c8bae-4726-4365-9b94-0e20063d94c5', 'f042af17-e3a2-4194-af67-e416302bc860', '2022-11-02 13:07:55.858+02', 'provisioner', 'debug', 'Detecting ephemeral resources', '') ON CONFLICT DO NOTHING;
INSERT INTO provisioner_job_logs VALUES ('e420f075-e982-4515-b45a-1b6c5aaf79cd', 'f042af17-e3a2-4194-af67-e416302bc860', '2022-11-02 13:07:55.863+02', 'provisioner', 'debug', 'Detecting ephemeral resources', 'Terraform has been successfully initialized!') ON CONFLICT DO NOTHING;
INSERT INTO provisioner_job_logs VALUES ('6af54ded-f9ed-4bcd-ab31-f5b7d451cbc7', 'f042af17-e3a2-4194-af67-e416302bc860', '2022-11-02 13:07:55.924+02', 'provisioner', 'info', 'Detecting ephemeral resources', 'Terraform 1.2.8') ON CONFLICT DO NOTHING;
INSERT INTO provisioner_job_logs VALUES ('6c0ffa8a-47ab-4d83-bcc3-63bd9dff7c51', 'f042af17-e3a2-4194-af67-e416302bc860', '2022-11-02 13:07:56.669+02', 'provisioner', 'info', 'Detecting ephemeral resources', 'data.coder_workspace.me: Refreshing...') ON CONFLICT DO NOTHING;
INSERT INTO provisioner_job_logs VALUES ('aa2b789b-f85e-4131-8a31-a8125e4ebaf7', 'f042af17-e3a2-4194-af67-e416302bc860', '2022-11-02 13:07:56.675+02', 'provisioner', 'info', 'Detecting ephemeral resources', 'data.coder_provisioner.me: Refreshing...') ON CONFLICT DO NOTHING;
INSERT INTO provisioner_job_logs VALUES ('bf3681f0-adaf-4466-ae0a-4251769947fc', 'f042af17-e3a2-4194-af67-e416302bc860', '2022-11-02 13:07:56.678+02', 'provisioner', 'info', 'Detecting ephemeral resources', 'data.coder_workspace.me: Refresh complete after 0s [id=a56ece0a-5fd0-4377-beb4-b863a7b6f643]') ON CONFLICT DO NOTHING;
INSERT INTO provisioner_job_logs VALUES ('867acd6d-6459-4be3-8b7a-09c912f9a229', 'f042af17-e3a2-4194-af67-e416302bc860', '2022-11-02 13:07:56.681+02', 'provisioner', 'info', 'Detecting ephemeral resources', 'data.coder_provisioner.me: Refresh complete after 0s [id=799aeb19-6a6c-4127-bc37-02bd4766cf5f]') ON CONFLICT DO NOTHING;
INSERT INTO provisioner_job_logs VALUES ('5cd3d492-6611-4944-b0b4-87e27dab9376', 'f042af17-e3a2-4194-af67-e416302bc860', '2022-11-02 13:07:56.704+02', 'provisioner', 'info', 'Detecting ephemeral resources', 'coder_agent.main: Plan to create') ON CONFLICT DO NOTHING;
INSERT INTO provisioner_job_logs VALUES ('bd8ba462-89c9-4a1d-af5a-35d245fe8fc1', 'f042af17-e3a2-4194-af67-e416302bc860', '2022-11-02 13:07:56.708+02', 'provisioner', 'info', 'Detecting ephemeral resources', 'coder_app.code-server: Plan to create') ON CONFLICT DO NOTHING;
INSERT INTO provisioner_job_logs VALUES ('f50d9387-c97e-47a3-9958-2330462d7534', 'f042af17-e3a2-4194-af67-e416302bc860', '2022-11-02 13:07:56.712+02', 'provisioner', 'info', 'Detecting ephemeral resources', 'docker_volume.home_volume: Plan to create') ON CONFLICT DO NOTHING;
INSERT INTO provisioner_job_logs VALUES ('44b9aa93-fa16-47f6-92c5-a3e8f6ae2d5b', 'f042af17-e3a2-4194-af67-e416302bc860', '2022-11-02 13:07:56.716+02', 'provisioner', 'info', 'Detecting ephemeral resources', 'Plan: 3 to add, 0 to change, 0 to destroy.') ON CONFLICT DO NOTHING;
INSERT INTO provisioner_job_logs VALUES ('e267601b-0bab-4dcd-8cf2-01315983e35a', 'f042af17-e3a2-4194-af67-e416302bc860', '2022-11-02 13:07:57.534+02', 'provisioner_daemon', 'info', 'Cleaning Up', '') ON CONFLICT DO NOTHING;
INSERT INTO provisioner_job_logs VALUES ('c2f685fa-b49e-46b0-8b49-3499a6c86c54', '452e84e3-6847-4fcc-b8b2-ee43cd1f37fc', '2022-11-02 13:08:07.441+02', 'provisioner_daemon', 'info', 'Setting up', '') ON CONFLICT DO NOTHING;
INSERT INTO provisioner_job_logs VALUES ('f0b836ba-dd49-42d6-9d2f-c765f676cef7', '452e84e3-6847-4fcc-b8b2-ee43cd1f37fc', '2022-11-02 13:08:07.445+02', 'provisioner_daemon', 'info', 'Starting workspace', '') ON CONFLICT DO NOTHING;
INSERT INTO provisioner_job_logs VALUES ('365e78dd-d03f-413b-9ec2-c254106fc5d4', '452e84e3-6847-4fcc-b8b2-ee43cd1f37fc', '2022-11-02 13:08:07.535+02', 'provisioner', 'debug', 'Starting workspace', '') ON CONFLICT DO NOTHING;
INSERT INTO provisioner_job_logs VALUES ('90b6d5a8-e690-4475-b05e-2c7d599bdb90', '452e84e3-6847-4fcc-b8b2-ee43cd1f37fc', '2022-11-02 13:08:07.539+02', 'provisioner', 'debug', 'Starting workspace', 'Initializing the backend...') ON CONFLICT DO NOTHING;
INSERT INTO provisioner_job_logs VALUES ('f7024b37-d4dd-4c4a-9c64-aecff11a47ef', '452e84e3-6847-4fcc-b8b2-ee43cd1f37fc', '2022-11-02 13:08:07.544+02', 'provisioner', 'debug', 'Starting workspace', '') ON CONFLICT DO NOTHING;
INSERT INTO provisioner_job_logs VALUES ('74bf20aa-8f5f-475a-991a-4baa61ac894a', '452e84e3-6847-4fcc-b8b2-ee43cd1f37fc', '2022-11-02 13:08:07.547+02', 'provisioner', 'debug', 'Starting workspace', 'Initializing provider plugins...') ON CONFLICT DO NOTHING;
INSERT INTO provisioner_job_logs VALUES ('c9ef259a-f267-4afb-b401-c247ac3dd3f5', '452e84e3-6847-4fcc-b8b2-ee43cd1f37fc', '2022-11-02 13:08:07.55+02', 'provisioner', 'debug', 'Starting workspace', '- Finding kreuzwerker/docker versions matching "~> 2.20.2"...') ON CONFLICT DO NOTHING;
INSERT INTO provisioner_job_logs VALUES ('6c6de8e1-0bed-4636-8966-502b7adcf530', '452e84e3-6847-4fcc-b8b2-ee43cd1f37fc', '2022-11-02 13:08:07.705+02', 'provisioner', 'debug', 'Starting workspace', '- Finding coder/coder versions matching "0.5.0"...') ON CONFLICT DO NOTHING;
INSERT INTO provisioner_job_logs VALUES ('a017a4e0-cbbf-4ea4-bf91-9936ead5d649', '452e84e3-6847-4fcc-b8b2-ee43cd1f37fc', '2022-11-02 13:08:07.771+02', 'provisioner', 'debug', 'Starting workspace', '- Using kreuzwerker/docker v2.20.3 from the shared cache directory') ON CONFLICT DO NOTHING;
INSERT INTO provisioner_job_logs VALUES ('7f2577aa-cab9-4e9c-82b1-e2b68f1de520', '452e84e3-6847-4fcc-b8b2-ee43cd1f37fc', '2022-11-02 13:08:07.845+02', 'provisioner', 'debug', 'Starting workspace', '- Using coder/coder v0.5.0 from the shared cache directory') ON CONFLICT DO NOTHING;
INSERT INTO provisioner_job_logs VALUES ('5bbb9cf4-69a1-4e9f-87fb-7ddd6bf41323', '452e84e3-6847-4fcc-b8b2-ee43cd1f37fc', '2022-11-02 13:08:07.901+02', 'provisioner', 'debug', 'Starting workspace', '') ON CONFLICT DO NOTHING;
INSERT INTO provisioner_job_logs VALUES ('49732ed2-1526-410a-844a-27fd51afa8b8', '452e84e3-6847-4fcc-b8b2-ee43cd1f37fc', '2022-11-02 13:08:07.906+02', 'provisioner', 'debug', 'Starting workspace', 'Terraform has created a lock file .terraform.lock.hcl to record the provider') ON CONFLICT DO NOTHING;
INSERT INTO provisioner_job_logs VALUES ('3ca5f41e-936e-41cf-8ec6-9a322d73102d', '452e84e3-6847-4fcc-b8b2-ee43cd1f37fc', '2022-11-02 13:08:07.91+02', 'provisioner', 'debug', 'Starting workspace', 'selections it made above. Include this file in your version control repository') ON CONFLICT DO NOTHING;
INSERT INTO provisioner_job_logs VALUES ('a11b20a0-5b00-4323-a949-356013d91119', '452e84e3-6847-4fcc-b8b2-ee43cd1f37fc', '2022-11-02 13:08:07.913+02', 'provisioner', 'debug', 'Starting workspace', 'so that Terraform can guarantee to make the same selections by default when') ON CONFLICT DO NOTHING;
INSERT INTO provisioner_job_logs VALUES ('8a2e242c-d977-4677-8f6c-e0d264d834e8', '452e84e3-6847-4fcc-b8b2-ee43cd1f37fc', '2022-11-02 13:08:07.915+02', 'provisioner', 'debug', 'Starting workspace', 'you run "terraform init" in the future.') ON CONFLICT DO NOTHING;
INSERT INTO provisioner_job_logs VALUES ('ad719a38-a50b-4623-a0e1-a47e04d7827f', '452e84e3-6847-4fcc-b8b2-ee43cd1f37fc', '2022-11-02 13:08:07.918+02', 'provisioner', 'debug', 'Starting workspace', '') ON CONFLICT DO NOTHING;
INSERT INTO provisioner_job_logs VALUES ('2916ea33-9304-42c9-ae7d-2b965c202eb0', '452e84e3-6847-4fcc-b8b2-ee43cd1f37fc', '2022-11-02 13:08:07.923+02', 'provisioner', 'debug', 'Starting workspace', '') ON CONFLICT DO NOTHING;
INSERT INTO provisioner_job_logs VALUES ('776a479c-8cfa-419d-87c6-9c3ad8a3bd09', '452e84e3-6847-4fcc-b8b2-ee43cd1f37fc', '2022-11-02 13:08:07.926+02', 'provisioner', 'debug', 'Starting workspace', 'Warning: Incomplete lock file information for providers') ON CONFLICT DO NOTHING;
INSERT INTO provisioner_job_logs VALUES ('b3a16e4b-86a2-4d4c-8cf4-dc3488c636b9', '452e84e3-6847-4fcc-b8b2-ee43cd1f37fc', '2022-11-02 13:08:07.929+02', 'provisioner', 'debug', 'Starting workspace', '') ON CONFLICT DO NOTHING;
INSERT INTO provisioner_job_logs VALUES ('1756b015-3863-46a0-8ce1-756a3db0ab0d', '452e84e3-6847-4fcc-b8b2-ee43cd1f37fc', '2022-11-02 13:08:07.932+02', 'provisioner', 'debug', 'Starting workspace', 'Due to your customized provider installation methods, Terraform was forced to') ON CONFLICT DO NOTHING;
INSERT INTO provisioner_job_logs VALUES ('dfff1eea-4022-4685-8fe9-1dedf12b1bfa', '452e84e3-6847-4fcc-b8b2-ee43cd1f37fc', '2022-11-02 13:08:07.935+02', 'provisioner', 'debug', 'Starting workspace', 'calculate lock file checksums locally for the following providers:') ON CONFLICT DO NOTHING;
INSERT INTO provisioner_job_logs VALUES ('8bfdd0f9-59f8-452b-a5f0-94cf72ee53dd', '452e84e3-6847-4fcc-b8b2-ee43cd1f37fc', '2022-11-02 13:08:07.938+02', 'provisioner', 'debug', 'Starting workspace', '  - coder/coder') ON CONFLICT DO NOTHING;
INSERT INTO provisioner_job_logs VALUES ('81e3e47b-bcdc-42f8-9c23-4e3224657961', '452e84e3-6847-4fcc-b8b2-ee43cd1f37fc', '2022-11-02 13:08:07.941+02', 'provisioner', 'debug', 'Starting workspace', '  - kreuzwerker/docker') ON CONFLICT DO NOTHING;
INSERT INTO provisioner_job_logs VALUES ('0dd5456e-727f-4820-801d-a73196a99db5', '452e84e3-6847-4fcc-b8b2-ee43cd1f37fc', '2022-11-02 13:08:07.944+02', 'provisioner', 'debug', 'Starting workspace', '') ON CONFLICT DO NOTHING;
INSERT INTO provisioner_job_logs VALUES ('d1017c48-e1e1-4f6b-85b7-c432ec0c848c', '452e84e3-6847-4fcc-b8b2-ee43cd1f37fc', '2022-11-02 13:08:07.947+02', 'provisioner', 'debug', 'Starting workspace', 'The current .terraform.lock.hcl file only includes checksums for linux_amd64,') ON CONFLICT DO NOTHING;
INSERT INTO provisioner_job_logs VALUES ('32f30546-bb7a-4b25-893a-7740d5028720', '452e84e3-6847-4fcc-b8b2-ee43cd1f37fc', '2022-11-02 13:08:07.95+02', 'provisioner', 'debug', 'Starting workspace', 'so Terraform running on another platform will fail to install these') ON CONFLICT DO NOTHING;
INSERT INTO provisioner_job_logs VALUES ('0a9cbe99-0bfc-45a2-a714-91c0fab6959f', '452e84e3-6847-4fcc-b8b2-ee43cd1f37fc', '2022-11-02 13:08:07.953+02', 'provisioner', 'debug', 'Starting workspace', 'providers.') ON CONFLICT DO NOTHING;
INSERT INTO provisioner_job_logs VALUES ('884b86f8-d32c-4961-a6d2-b74cecc9ef94', '452e84e3-6847-4fcc-b8b2-ee43cd1f37fc', '2022-11-02 13:08:07.956+02', 'provisioner', 'debug', 'Starting workspace', '') ON CONFLICT DO NOTHING;
INSERT INTO provisioner_job_logs VALUES ('07a49cf9-2088-4977-930e-d7019c7fadd8', '452e84e3-6847-4fcc-b8b2-ee43cd1f37fc', '2022-11-02 13:08:07.959+02', 'provisioner', 'debug', 'Starting workspace', 'To calculate additional checksums for another platform, run:') ON CONFLICT DO NOTHING;
INSERT INTO provisioner_job_logs VALUES ('0104d747-0c30-40ea-bc37-99d1c5d828b1', '452e84e3-6847-4fcc-b8b2-ee43cd1f37fc', '2022-11-02 13:08:07.962+02', 'provisioner', 'debug', 'Starting workspace', '  terraform providers lock -platform=linux_amd64') ON CONFLICT DO NOTHING;
INSERT INTO provisioner_job_logs VALUES ('14d0e06a-920e-48f7-862f-21b26533c2d4', '452e84e3-6847-4fcc-b8b2-ee43cd1f37fc', '2022-11-02 13:08:07.964+02', 'provisioner', 'debug', 'Starting workspace', '(where linux_amd64 is the platform to generate)') ON CONFLICT DO NOTHING;
INSERT INTO provisioner_job_logs VALUES ('9327e992-19d6-485f-a783-f069195b39bb', '452e84e3-6847-4fcc-b8b2-ee43cd1f37fc', '2022-11-02 13:08:07.966+02', 'provisioner', 'debug', 'Starting workspace', '') ON CONFLICT DO NOTHING;
INSERT INTO provisioner_job_logs VALUES ('e566f0e1-5000-4328-bb26-503933a6cf58', '452e84e3-6847-4fcc-b8b2-ee43cd1f37fc', '2022-11-02 13:08:07.969+02', 'provisioner', 'debug', 'Starting workspace', 'Terraform has been successfully initialized!') ON CONFLICT DO NOTHING;
INSERT INTO provisioner_job_logs VALUES ('a622c794-e3de-4d05-ad21-7d15206a8134', '452e84e3-6847-4fcc-b8b2-ee43cd1f37fc', '2022-11-02 13:08:07.972+02', 'provisioner', 'info', 'Starting workspace', 'Terraform 1.2.8') ON CONFLICT DO NOTHING;
INSERT INTO provisioner_job_logs VALUES ('2c3e911a-0120-4ef9-8bf1-ae38b335f4c7', '452e84e3-6847-4fcc-b8b2-ee43cd1f37fc', '2022-11-02 13:08:08.685+02', 'provisioner', 'info', 'Starting workspace', 'data.coder_workspace.me: Refreshing...') ON CONFLICT DO NOTHING;
INSERT INTO provisioner_job_logs VALUES ('1700402d-473b-4545-ac26-e8c2474ae61e', '452e84e3-6847-4fcc-b8b2-ee43cd1f37fc', '2022-11-02 13:08:08.69+02', 'provisioner', 'info', 'Starting workspace', 'data.coder_provisioner.me: Refreshing...') ON CONFLICT DO NOTHING;
INSERT INTO provisioner_job_logs VALUES ('677e7e30-e7b0-414d-950c-691ece713410', '452e84e3-6847-4fcc-b8b2-ee43cd1f37fc', '2022-11-02 13:08:08.698+02', 'provisioner', 'info', 'Starting workspace', 'data.coder_provisioner.me: Refresh complete after 0s [id=ad27e546-76e2-44a1-befc-04e736c7d136]') ON CONFLICT DO NOTHING;
INSERT INTO provisioner_job_logs VALUES ('de33d989-b4a0-4aca-bdcc-2f709c89badf', '452e84e3-6847-4fcc-b8b2-ee43cd1f37fc', '2022-11-02 13:08:08.702+02', 'provisioner', 'info', 'Starting workspace', 'data.coder_workspace.me: Refresh complete after 0s [id=b90547be-8870-4d68-8184-e8b2242b7c01]') ON CONFLICT DO NOTHING;
INSERT INTO provisioner_job_logs VALUES ('ae71133b-83ea-4594-938a-619b65a72dbc', '452e84e3-6847-4fcc-b8b2-ee43cd1f37fc', '2022-11-02 13:08:08.708+02', 'provisioner', 'info', 'Starting workspace', 'coder_agent.main: Refreshing state... [id=6137599d-4ad6-4e58-b0fa-a3d1a88fa5a9]') ON CONFLICT DO NOTHING;
INSERT INTO provisioner_job_logs VALUES ('2c4d3f77-57ab-444e-bcf2-47c0d334071d', '452e84e3-6847-4fcc-b8b2-ee43cd1f37fc', '2022-11-02 13:08:08.713+02', 'provisioner', 'info', 'Starting workspace', 'coder_agent.main: Refresh complete [id=6137599d-4ad6-4e58-b0fa-a3d1a88fa5a9]') ON CONFLICT DO NOTHING;
INSERT INTO provisioner_job_logs VALUES ('08e41e5a-92cc-4593-9a76-fe7aedb89136', '452e84e3-6847-4fcc-b8b2-ee43cd1f37fc', '2022-11-02 13:08:08.716+02', 'provisioner', 'info', 'Starting workspace', 'coder_app.code-server: Refreshing state... [id=3a585bc7-75e6-408e-b0bc-dc64e4d3be0a]') ON CONFLICT DO NOTHING;
INSERT INTO provisioner_job_logs VALUES ('b6e2db47-d7ba-421b-bb19-8efb34e15041', '452e84e3-6847-4fcc-b8b2-ee43cd1f37fc', '2022-11-02 13:08:08.718+02', 'provisioner', 'info', 'Starting workspace', 'coder_app.code-server: Refresh complete [id=3a585bc7-75e6-408e-b0bc-dc64e4d3be0a]') ON CONFLICT DO NOTHING;
INSERT INTO provisioner_job_logs VALUES ('da66adc5-7955-4efa-ae4e-921d89a0a905', '452e84e3-6847-4fcc-b8b2-ee43cd1f37fc', '2022-11-02 13:08:08.721+02', 'provisioner', 'info', 'Starting workspace', 'docker_volume.home_volume: Refreshing state... [id=coder-oauthuser1-test1-root]') ON CONFLICT DO NOTHING;
INSERT INTO provisioner_job_logs VALUES ('86b81dc3-345e-4032-91ca-e179d2f68426', '452e84e3-6847-4fcc-b8b2-ee43cd1f37fc', '2022-11-02 13:08:08.724+02', 'provisioner', 'info', 'Starting workspace', 'docker_volume.home_volume: Refresh complete [id=coder-oauthuser1-test1-root]') ON CONFLICT DO NOTHING;
INSERT INTO provisioner_job_logs VALUES ('c16e6dd4-8590-4267-8d86-86469c58bd38', '452e84e3-6847-4fcc-b8b2-ee43cd1f37fc', '2022-11-02 13:08:08.727+02', 'provisioner', 'info', 'Starting workspace', 'docker_container.workspace[0]: Refreshing state... [id=eed96dcc159829b9a91ee13a2106b3f8598896f99d7142765276914e628e8109]') ON CONFLICT DO NOTHING;
INSERT INTO provisioner_job_logs VALUES ('f029d62b-fa15-41dd-a55b-56de56aa9d2d', '452e84e3-6847-4fcc-b8b2-ee43cd1f37fc', '2022-11-02 13:08:08.845+02', 'provisioner', 'info', 'Starting workspace', 'docker_container.workspace[0]: Refresh complete [id=eed96dcc159829b9a91ee13a2106b3f8598896f99d7142765276914e628e8109]') ON CONFLICT DO NOTHING;
INSERT INTO provisioner_job_logs VALUES ('d420d06e-a470-491f-b77a-76e9efcfd885', '452e84e3-6847-4fcc-b8b2-ee43cd1f37fc', '2022-11-02 13:08:08.88+02', 'provisioner', 'info', 'Starting workspace', 'docker_container.workspace[0]: Drift detected (update)') ON CONFLICT DO NOTHING;
INSERT INTO provisioner_job_logs VALUES ('f29b2f5a-5b30-4450-808d-57633ec9eee1', '452e84e3-6847-4fcc-b8b2-ee43cd1f37fc', '2022-11-02 13:08:08.884+02', 'provisioner', 'info', 'Starting workspace', 'docker_volume.home_volume: Drift detected (update)') ON CONFLICT DO NOTHING;
INSERT INTO provisioner_job_logs VALUES ('dd638547-02bd-4f94-8e3a-706d8c4bbb4d', '452e84e3-6847-4fcc-b8b2-ee43cd1f37fc', '2022-11-02 13:08:08.887+02', 'provisioner', 'info', 'Starting workspace', 'coder_agent.main: Drift detected (update)') ON CONFLICT DO NOTHING;
INSERT INTO provisioner_job_logs VALUES ('9733a541-f554-45fc-b9e6-8449d0a7268d', '452e84e3-6847-4fcc-b8b2-ee43cd1f37fc', '2022-11-02 13:08:08.891+02', 'provisioner', 'info', 'Starting workspace', 'docker_container.workspace[0]: Plan to replace') ON CONFLICT DO NOTHING;
INSERT INTO provisioner_job_logs VALUES ('1442786e-4ac2-4a31-bf01-62f71ee1c58f', '452e84e3-6847-4fcc-b8b2-ee43cd1f37fc', '2022-11-02 13:08:08.895+02', 'provisioner', 'info', 'Starting workspace', 'Plan: 1 to add, 0 to change, 1 to destroy.') ON CONFLICT DO NOTHING;
INSERT INTO provisioner_job_logs VALUES ('b73e9a9c-2a80-4edc-b9c9-caed1f8fb76f', '452e84e3-6847-4fcc-b8b2-ee43cd1f37fc', '2022-11-02 13:08:09.092+02', 'provisioner', 'info', 'Starting workspace', 'docker_container.workspace[0]: Destroying... [id=eed96dcc159829b9a91ee13a2106b3f8598896f99d7142765276914e628e8109]') ON CONFLICT DO NOTHING;
INSERT INTO provisioner_job_logs VALUES ('26bb15bd-55f5-40af-bb5f-68276cdc547c', '452e84e3-6847-4fcc-b8b2-ee43cd1f37fc', '2022-11-02 13:08:09.315+02', 'provisioner', 'info', 'Starting workspace', 'docker_container.workspace[0]: Destruction complete after 0s') ON CONFLICT DO NOTHING;
INSERT INTO provisioner_job_logs VALUES ('e8dd9645-1e6c-4620-a2b4-db13e3591672', '452e84e3-6847-4fcc-b8b2-ee43cd1f37fc', '2022-11-02 13:08:09.334+02', 'provisioner', 'info', 'Starting workspace', 'docker_container.workspace[0]: Creating...') ON CONFLICT DO NOTHING;
INSERT INTO provisioner_job_logs VALUES ('27a857d3-fae3-4e7b-92f3-ba66651415fd', '452e84e3-6847-4fcc-b8b2-ee43cd1f37fc', '2022-11-02 13:08:09.838+02', 'provisioner', 'info', 'Starting workspace', 'docker_container.workspace[0]: Creation complete after 1s [id=86d859b12b6519160d53b99d4f0155bf6aeeefbd33d88fe93e2eecef22eb65de]') ON CONFLICT DO NOTHING;
INSERT INTO provisioner_job_logs VALUES ('6b755e4e-7e2e-407d-874e-2b9d94636d1f', '452e84e3-6847-4fcc-b8b2-ee43cd1f37fc', '2022-11-02 13:08:09.846+02', 'provisioner', 'info', 'Starting workspace', 'Apply complete! Resources: 1 added, 0 changed, 1 destroyed.') ON CONFLICT DO NOTHING;
INSERT INTO provisioner_job_logs VALUES ('d7858aaa-6fa7-4673-9ff2-1b2347088c64', '452e84e3-6847-4fcc-b8b2-ee43cd1f37fc', '2022-11-02 13:08:09.853+02', 'provisioner', 'info', 'Starting workspace', 'Outputs: 0') ON CONFLICT DO NOTHING;
INSERT INTO provisioner_job_logs VALUES ('43b1ff4e-b1d2-45bf-aced-0d209ae20ae6', '452e84e3-6847-4fcc-b8b2-ee43cd1f37fc', '2022-11-02 13:08:10.807+02', 'provisioner_daemon', 'info', 'Cleaning Up', '') ON CONFLICT DO NOTHING;
INSERT INTO provisioner_job_logs VALUES ('567776bf-1821-4c52-80ed-3fce709d0c85', '52874f66-89cc-4e6b-8066-80ba21ad9e57', '2022-11-02 13:09:51.94+02', 'provisioner_daemon', 'info', 'Setting up', '') ON CONFLICT DO NOTHING;
INSERT INTO provisioner_job_logs VALUES ('36b8be4a-a30c-4de0-8896-14406d6cfdb6', '52874f66-89cc-4e6b-8066-80ba21ad9e57', '2022-11-02 13:09:51.949+02', 'provisioner_daemon', 'info', 'Stopping workspace', '') ON CONFLICT DO NOTHING;
INSERT INTO provisioner_job_logs VALUES ('80f21094-54a2-4756-a837-25df3ddc10bd', '52874f66-89cc-4e6b-8066-80ba21ad9e57', '2022-11-02 13:09:52.042+02', 'provisioner', 'debug', 'Stopping workspace', '') ON CONFLICT DO NOTHING;
INSERT INTO provisioner_job_logs VALUES ('e4a9be07-5e4a-402c-a32c-5d2be759063f', '52874f66-89cc-4e6b-8066-80ba21ad9e57', '2022-11-02 13:09:52.047+02', 'provisioner', 'debug', 'Stopping workspace', 'Initializing the backend...') ON CONFLICT DO NOTHING;
INSERT INTO provisioner_job_logs VALUES ('9b30655a-31d0-4cb5-a2d1-c55de3a4f7db', '52874f66-89cc-4e6b-8066-80ba21ad9e57', '2022-11-02 13:09:52.051+02', 'provisioner', 'debug', 'Stopping workspace', '') ON CONFLICT DO NOTHING;
INSERT INTO provisioner_job_logs VALUES ('b66c4596-da28-4f0c-857d-d22ec01a659e', '52874f66-89cc-4e6b-8066-80ba21ad9e57', '2022-11-02 13:09:52.054+02', 'provisioner', 'debug', 'Stopping workspace', 'Initializing provider plugins...') ON CONFLICT DO NOTHING;
INSERT INTO provisioner_job_logs VALUES ('f78aef35-c5b0-4ca1-bba3-1ed73c00d2f5', '52874f66-89cc-4e6b-8066-80ba21ad9e57', '2022-11-02 13:09:52.057+02', 'provisioner', 'debug', 'Stopping workspace', '- Finding kreuzwerker/docker versions matching "~> 2.20.2"...') ON CONFLICT DO NOTHING;
INSERT INTO provisioner_job_logs VALUES ('5128de3f-c94a-498d-aac0-690fb3a3256c', '52874f66-89cc-4e6b-8066-80ba21ad9e57', '2022-11-02 13:09:52.203+02', 'provisioner', 'debug', 'Stopping workspace', '- Finding coder/coder versions matching "0.5.0"...') ON CONFLICT DO NOTHING;
INSERT INTO provisioner_job_logs VALUES ('cb707f76-a1ce-4411-998f-492ab315f9de', '52874f66-89cc-4e6b-8066-80ba21ad9e57', '2022-11-02 13:09:52.276+02', 'provisioner', 'debug', 'Stopping workspace', '- Using kreuzwerker/docker v2.20.3 from the shared cache directory') ON CONFLICT DO NOTHING;
INSERT INTO provisioner_job_logs VALUES ('b6ba27e3-22c5-4585-ab89-9a122daa2ed2', '52874f66-89cc-4e6b-8066-80ba21ad9e57', '2022-11-02 13:09:52.352+02', 'provisioner', 'debug', 'Stopping workspace', '- Using coder/coder v0.5.0 from the shared cache directory') ON CONFLICT DO NOTHING;
INSERT INTO provisioner_job_logs VALUES ('155e3a4d-e37a-4443-9609-94ea25793182', '52874f66-89cc-4e6b-8066-80ba21ad9e57', '2022-11-02 13:09:52.407+02', 'provisioner', 'debug', 'Stopping workspace', '') ON CONFLICT DO NOTHING;
INSERT INTO provisioner_job_logs VALUES ('803c0af2-6bee-4dd5-bca7-088ccef48d0d', '52874f66-89cc-4e6b-8066-80ba21ad9e57', '2022-11-02 13:09:52.411+02', 'provisioner', 'debug', 'Stopping workspace', 'Terraform has created a lock file .terraform.lock.hcl to record the provider') ON CONFLICT DO NOTHING;
INSERT INTO provisioner_job_logs VALUES ('b045cf9c-4a31-42df-a157-36799cc1505e', '52874f66-89cc-4e6b-8066-80ba21ad9e57', '2022-11-02 13:09:52.415+02', 'provisioner', 'debug', 'Stopping workspace', 'selections it made above. Include this file in your version control repository') ON CONFLICT DO NOTHING;
INSERT INTO provisioner_job_logs VALUES ('96af3253-66fd-4e6f-8a02-9aaa2ed840e1', '52874f66-89cc-4e6b-8066-80ba21ad9e57', '2022-11-02 13:09:52.419+02', 'provisioner', 'debug', 'Stopping workspace', 'so that Terraform can guarantee to make the same selections by default when') ON CONFLICT DO NOTHING;
INSERT INTO provisioner_job_logs VALUES ('a577318f-cd80-46e2-9dc2-e96ddb958fb6', '52874f66-89cc-4e6b-8066-80ba21ad9e57', '2022-11-02 13:09:52.423+02', 'provisioner', 'debug', 'Stopping workspace', 'you run "terraform init" in the future.') ON CONFLICT DO NOTHING;
INSERT INTO provisioner_job_logs VALUES ('918e8d10-6929-43ff-a417-e835a05593b5', '52874f66-89cc-4e6b-8066-80ba21ad9e57', '2022-11-02 13:09:52.426+02', 'provisioner', 'debug', 'Stopping workspace', '') ON CONFLICT DO NOTHING;
INSERT INTO provisioner_job_logs VALUES ('82a34d3a-ff5d-42a4-9734-c369e56ce5c8', '52874f66-89cc-4e6b-8066-80ba21ad9e57', '2022-11-02 13:09:52.428+02', 'provisioner', 'debug', 'Stopping workspace', '') ON CONFLICT DO NOTHING;
INSERT INTO provisioner_job_logs VALUES ('f7cb10b8-9c51-4f23-afbe-33b20842feef', '52874f66-89cc-4e6b-8066-80ba21ad9e57', '2022-11-02 13:09:52.434+02', 'provisioner', 'debug', 'Stopping workspace', 'Warning: Incomplete lock file information for providers') ON CONFLICT DO NOTHING;
INSERT INTO provisioner_job_logs VALUES ('77119d73-aa08-4d6a-b2a9-5a876cc38f10', '52874f66-89cc-4e6b-8066-80ba21ad9e57', '2022-11-02 13:09:52.438+02', 'provisioner', 'debug', 'Stopping workspace', '') ON CONFLICT DO NOTHING;
INSERT INTO provisioner_job_logs VALUES ('77ba3339-32b2-4c0c-9dab-347a75457e1b', '52874f66-89cc-4e6b-8066-80ba21ad9e57', '2022-11-02 13:09:52.44+02', 'provisioner', 'debug', 'Stopping workspace', 'Due to your customized provider installation methods, Terraform was forced to') ON CONFLICT DO NOTHING;
INSERT INTO provisioner_job_logs VALUES ('378e1d98-148e-4ba4-861e-9eba8d7f1f79', '52874f66-89cc-4e6b-8066-80ba21ad9e57', '2022-11-02 13:09:52.444+02', 'provisioner', 'debug', 'Stopping workspace', 'calculate lock file checksums locally for the following providers:') ON CONFLICT DO NOTHING;
INSERT INTO provisioner_job_logs VALUES ('305ed411-809f-47e8-b5fc-36ab80d51862', '52874f66-89cc-4e6b-8066-80ba21ad9e57', '2022-11-02 13:09:52.446+02', 'provisioner', 'debug', 'Stopping workspace', '  - coder/coder') ON CONFLICT DO NOTHING;
INSERT INTO provisioner_job_logs VALUES ('b2b3030f-f923-4c11-a0b5-3f88673f174c', '52874f66-89cc-4e6b-8066-80ba21ad9e57', '2022-11-02 13:09:52.45+02', 'provisioner', 'debug', 'Stopping workspace', '  - kreuzwerker/docker') ON CONFLICT DO NOTHING;
INSERT INTO provisioner_job_logs VALUES ('72495cac-fb10-4a5b-ba56-e5720fdcbe80', '52874f66-89cc-4e6b-8066-80ba21ad9e57', '2022-11-02 13:09:52.452+02', 'provisioner', 'debug', 'Stopping workspace', '') ON CONFLICT DO NOTHING;
INSERT INTO provisioner_job_logs VALUES ('aa63292e-da72-4ad2-837b-4b7d09ca8352', '52874f66-89cc-4e6b-8066-80ba21ad9e57', '2022-11-02 13:09:52.455+02', 'provisioner', 'debug', 'Stopping workspace', 'The current .terraform.lock.hcl file only includes checksums for linux_amd64,') ON CONFLICT DO NOTHING;
INSERT INTO provisioner_job_logs VALUES ('7d402a33-e901-481a-a4b0-7975bc710884', '52874f66-89cc-4e6b-8066-80ba21ad9e57', '2022-11-02 13:09:52.457+02', 'provisioner', 'debug', 'Stopping workspace', 'so Terraform running on another platform will fail to install these') ON CONFLICT DO NOTHING;
INSERT INTO provisioner_job_logs VALUES ('26f48c94-98cd-4ab4-a7c9-92b51c559e50', '52874f66-89cc-4e6b-8066-80ba21ad9e57', '2022-11-02 13:09:52.46+02', 'provisioner', 'debug', 'Stopping workspace', 'providers.') ON CONFLICT DO NOTHING;
INSERT INTO provisioner_job_logs VALUES ('425de025-c374-4359-bb84-36d08b1f045f', '52874f66-89cc-4e6b-8066-80ba21ad9e57', '2022-11-02 13:09:52.463+02', 'provisioner', 'debug', 'Stopping workspace', '') ON CONFLICT DO NOTHING;
INSERT INTO provisioner_job_logs VALUES ('f0a06046-0ed0-4d43-8608-8ede7c923a9f', '52874f66-89cc-4e6b-8066-80ba21ad9e57', '2022-11-02 13:09:52.466+02', 'provisioner', 'debug', 'Stopping workspace', 'To calculate additional checksums for another platform, run:') ON CONFLICT DO NOTHING;
INSERT INTO provisioner_job_logs VALUES ('c8eae175-6b93-44d7-86d9-acd10e5d9257', '52874f66-89cc-4e6b-8066-80ba21ad9e57', '2022-11-02 13:09:52.469+02', 'provisioner', 'debug', 'Stopping workspace', '  terraform providers lock -platform=linux_amd64') ON CONFLICT DO NOTHING;
INSERT INTO provisioner_job_logs VALUES ('a186dc9b-c58c-48ed-90e8-5ff3d4049dac', '52874f66-89cc-4e6b-8066-80ba21ad9e57', '2022-11-02 13:09:52.471+02', 'provisioner', 'debug', 'Stopping workspace', '(where linux_amd64 is the platform to generate)') ON CONFLICT DO NOTHING;
INSERT INTO provisioner_job_logs VALUES ('f47f6907-04cd-4ada-b7df-7bb27032d429', '52874f66-89cc-4e6b-8066-80ba21ad9e57', '2022-11-02 13:09:52.474+02', 'provisioner', 'debug', 'Stopping workspace', '') ON CONFLICT DO NOTHING;
INSERT INTO provisioner_job_logs VALUES ('237bad3c-59c9-4d7e-9860-922c85106edb', '52874f66-89cc-4e6b-8066-80ba21ad9e57', '2022-11-02 13:09:52.476+02', 'provisioner', 'debug', 'Stopping workspace', 'Terraform has been successfully initialized!') ON CONFLICT DO NOTHING;
INSERT INTO provisioner_job_logs VALUES ('0aeca511-4a7b-4151-a806-525e03e842db', '52874f66-89cc-4e6b-8066-80ba21ad9e57', '2022-11-02 13:09:52.479+02', 'provisioner', 'info', 'Stopping workspace', 'Terraform 1.2.8') ON CONFLICT DO NOTHING;
INSERT INTO provisioner_job_logs VALUES ('66abfda2-7009-4d13-bb84-24ab857b3404', '52874f66-89cc-4e6b-8066-80ba21ad9e57', '2022-11-02 13:09:53.226+02', 'provisioner', 'info', 'Stopping workspace', 'data.coder_provisioner.me: Refreshing...') ON CONFLICT DO NOTHING;
INSERT INTO provisioner_job_logs VALUES ('e1073aaf-e53a-4e28-a771-66a273731128', '52874f66-89cc-4e6b-8066-80ba21ad9e57', '2022-11-02 13:09:53.231+02', 'provisioner', 'info', 'Stopping workspace', 'data.coder_workspace.me: Refreshing...') ON CONFLICT DO NOTHING;
INSERT INTO provisioner_job_logs VALUES ('d388445e-b43e-4f8f-a866-66639edcb087', '52874f66-89cc-4e6b-8066-80ba21ad9e57', '2022-11-02 13:09:53.236+02', 'provisioner', 'info', 'Stopping workspace', 'data.coder_workspace.me: Refresh complete after 0s [id=b90547be-8870-4d68-8184-e8b2242b7c01]') ON CONFLICT DO NOTHING;
INSERT INTO provisioner_job_logs VALUES ('1726c68b-dad7-4cbc-bf24-6a6578f50edd', '52874f66-89cc-4e6b-8066-80ba21ad9e57', '2022-11-02 13:09:53.244+02', 'provisioner', 'info', 'Stopping workspace', 'data.coder_provisioner.me: Refresh complete after 0s [id=58ea2d09-993b-4754-8c7d-0c0ec944e2ee]') ON CONFLICT DO NOTHING;
INSERT INTO provisioner_job_logs VALUES ('0331dcb4-8497-4b49-b823-be547e2fb19e', '52874f66-89cc-4e6b-8066-80ba21ad9e57', '2022-11-02 13:09:53.248+02', 'provisioner', 'info', 'Stopping workspace', 'coder_agent.main: Refreshing state... [id=6137599d-4ad6-4e58-b0fa-a3d1a88fa5a9]') ON CONFLICT DO NOTHING;
INSERT INTO provisioner_job_logs VALUES ('668a90d0-12e9-4aea-af6f-5c50324ebb1d', '52874f66-89cc-4e6b-8066-80ba21ad9e57', '2022-11-02 13:09:53.252+02', 'provisioner', 'info', 'Stopping workspace', 'docker_volume.home_volume: Refreshing state... [id=coder-oauthuser1-test1-root]') ON CONFLICT DO NOTHING;
INSERT INTO provisioner_job_logs VALUES ('656ab85b-4184-494e-8a57-891b3343bacb', '52874f66-89cc-4e6b-8066-80ba21ad9e57', '2022-11-02 13:09:53.254+02', 'provisioner', 'info', 'Stopping workspace', 'coder_agent.main: Refresh complete [id=6137599d-4ad6-4e58-b0fa-a3d1a88fa5a9]') ON CONFLICT DO NOTHING;
INSERT INTO provisioner_job_logs VALUES ('e521fb3e-c3d3-4e07-b7d5-d23a14735f3d', '52874f66-89cc-4e6b-8066-80ba21ad9e57', '2022-11-02 13:09:53.257+02', 'provisioner', 'info', 'Stopping workspace', 'docker_volume.home_volume: Refresh complete [id=coder-oauthuser1-test1-root]') ON CONFLICT DO NOTHING;
INSERT INTO provisioner_job_logs VALUES ('8b6e20ee-cd76-44f0-a361-24e3b91ca966', '52874f66-89cc-4e6b-8066-80ba21ad9e57', '2022-11-02 13:09:53.261+02', 'provisioner', 'info', 'Stopping workspace', 'coder_app.code-server: Refreshing state... [id=3a585bc7-75e6-408e-b0bc-dc64e4d3be0a]') ON CONFLICT DO NOTHING;
INSERT INTO provisioner_job_logs VALUES ('7a5cb85d-85d5-4e4d-9bac-6b71b17a31a7', '52874f66-89cc-4e6b-8066-80ba21ad9e57', '2022-11-02 13:09:53.263+02', 'provisioner', 'info', 'Stopping workspace', 'coder_app.code-server: Refresh complete [id=3a585bc7-75e6-408e-b0bc-dc64e4d3be0a]') ON CONFLICT DO NOTHING;
INSERT INTO provisioner_job_logs VALUES ('61a50656-1299-4920-8cfe-a3d496fb7601', '52874f66-89cc-4e6b-8066-80ba21ad9e57', '2022-11-02 13:09:53.266+02', 'provisioner', 'info', 'Stopping workspace', 'docker_container.workspace[0]: Refreshing state... [id=86d859b12b6519160d53b99d4f0155bf6aeeefbd33d88fe93e2eecef22eb65de]') ON CONFLICT DO NOTHING;
INSERT INTO provisioner_job_logs VALUES ('c748eb20-3d36-4dd1-9d67-94f187845e60', '52874f66-89cc-4e6b-8066-80ba21ad9e57', '2022-11-02 13:09:53.377+02', 'provisioner', 'info', 'Stopping workspace', 'docker_container.workspace[0]: Refresh complete [id=86d859b12b6519160d53b99d4f0155bf6aeeefbd33d88fe93e2eecef22eb65de]') ON CONFLICT DO NOTHING;
INSERT INTO provisioner_job_logs VALUES ('11300863-799e-4a8d-9d4e-e816fe59f8d0', '52874f66-89cc-4e6b-8066-80ba21ad9e57', '2022-11-02 13:09:53.388+02', 'provisioner', 'info', 'Stopping workspace', 'coder_agent.main: Drift detected (update)') ON CONFLICT DO NOTHING;
INSERT INTO provisioner_job_logs VALUES ('148f401b-202f-495d-a00d-3edaf2d98b54', '52874f66-89cc-4e6b-8066-80ba21ad9e57', '2022-11-02 13:09:53.392+02', 'provisioner', 'info', 'Stopping workspace', 'docker_container.workspace[0]: Drift detected (update)') ON CONFLICT DO NOTHING;
INSERT INTO provisioner_job_logs VALUES ('518cc0ce-b6fa-46af-be96-7eb0745832c9', '52874f66-89cc-4e6b-8066-80ba21ad9e57', '2022-11-02 13:09:53.395+02', 'provisioner', 'info', 'Stopping workspace', 'docker_container.workspace[0]: Plan to delete') ON CONFLICT DO NOTHING;
INSERT INTO provisioner_job_logs VALUES ('abdc6fea-3ecd-444c-b0b9-a0c5c7b04bd5', '52874f66-89cc-4e6b-8066-80ba21ad9e57', '2022-11-02 13:09:53.399+02', 'provisioner', 'info', 'Stopping workspace', 'Plan: 0 to add, 0 to change, 1 to destroy.') ON CONFLICT DO NOTHING;
INSERT INTO provisioner_job_logs VALUES ('098266ee-37b3-423b-a915-1eebed4a9382', '52874f66-89cc-4e6b-8066-80ba21ad9e57', '2022-11-02 13:09:53.51+02', 'provisioner', 'info', 'Stopping workspace', 'docker_container.workspace[0]: Destroying... [id=86d859b12b6519160d53b99d4f0155bf6aeeefbd33d88fe93e2eecef22eb65de]') ON CONFLICT DO NOTHING;
INSERT INTO provisioner_job_logs VALUES ('1dd3c1b5-aee2-4c3c-a43b-98abf577daee', '52874f66-89cc-4e6b-8066-80ba21ad9e57', '2022-11-02 13:09:53.752+02', 'provisioner', 'info', 'Stopping workspace', 'docker_container.workspace[0]: Destruction complete after 0s') ON CONFLICT DO NOTHING;
INSERT INTO provisioner_job_logs VALUES ('785540dd-ba37-4111-900a-e63fe74c80c3', '52874f66-89cc-4e6b-8066-80ba21ad9e57', '2022-11-02 13:09:53.763+02', 'provisioner', 'info', 'Stopping workspace', 'Apply complete! Resources: 0 added, 0 changed, 1 destroyed.') ON CONFLICT DO NOTHING;
INSERT INTO provisioner_job_logs VALUES ('1dd9d93f-3497-4fd4-acd5-676807a332a6', '52874f66-89cc-4e6b-8066-80ba21ad9e57', '2022-11-02 13:09:53.769+02', 'provisioner', 'info', 'Stopping workspace', 'Outputs: 0') ON CONFLICT DO NOTHING;
INSERT INTO provisioner_job_logs VALUES ('ae1db4e6-6f61-4e96-86a4-90869cdfd4eb', '52874f66-89cc-4e6b-8066-80ba21ad9e57', '2022-11-02 13:09:54.754+02', 'provisioner_daemon', 'info', 'Cleaning Up', '') ON CONFLICT DO NOTHING;
INSERT INTO provisioner_job_logs VALUES ('5ff779e3-9dd5-48a0-a5f3-a7a80d029807', 'd842dc52-93b9-46ed-842d-d1569b50ddfc', '2022-11-02 13:10:42.44+02', 'provisioner_daemon', 'info', 'Setting up', '') ON CONFLICT DO NOTHING;
INSERT INTO provisioner_job_logs VALUES ('59a25c28-c558-4571-b853-bee95d5fb22b', 'd842dc52-93b9-46ed-842d-d1569b50ddfc', '2022-11-02 13:10:42.444+02', 'provisioner_daemon', 'info', 'Stopping workspace', '') ON CONFLICT DO NOTHING;
INSERT INTO provisioner_job_logs VALUES ('9a497a9b-63aa-4424-bcc8-92ffc1dd1259', 'd842dc52-93b9-46ed-842d-d1569b50ddfc', '2022-11-02 13:10:42.534+02', 'provisioner', 'debug', 'Stopping workspace', '') ON CONFLICT DO NOTHING;
INSERT INTO provisioner_job_logs VALUES ('672df058-dbd9-4eb2-ab8e-21033b6104c7', 'd842dc52-93b9-46ed-842d-d1569b50ddfc', '2022-11-02 13:10:42.538+02', 'provisioner', 'debug', 'Stopping workspace', 'Initializing the backend...') ON CONFLICT DO NOTHING;
INSERT INTO provisioner_job_logs VALUES ('2c9dccb2-41d0-40bf-bcc4-04d77075474f', 'd842dc52-93b9-46ed-842d-d1569b50ddfc', '2022-11-02 13:10:42.542+02', 'provisioner', 'debug', 'Stopping workspace', '') ON CONFLICT DO NOTHING;
INSERT INTO provisioner_job_logs VALUES ('4168300f-5094-4235-91b4-6b3b4777f3ef', 'd842dc52-93b9-46ed-842d-d1569b50ddfc', '2022-11-02 13:10:42.546+02', 'provisioner', 'debug', 'Stopping workspace', 'Initializing provider plugins...') ON CONFLICT DO NOTHING;
INSERT INTO provisioner_job_logs VALUES ('12c537a5-d863-4fe3-8b04-9ba93d749a64', 'd842dc52-93b9-46ed-842d-d1569b50ddfc', '2022-11-02 13:10:42.55+02', 'provisioner', 'debug', 'Stopping workspace', '- Finding coder/coder versions matching "0.5.0"...') ON CONFLICT DO NOTHING;
INSERT INTO provisioner_job_logs VALUES ('e9be6d15-d900-47a1-a2af-9f1f51b3644c', 'd842dc52-93b9-46ed-842d-d1569b50ddfc', '2022-11-02 13:10:43.156+02', 'provisioner', 'debug', 'Stopping workspace', '') ON CONFLICT DO NOTHING;
INSERT INTO provisioner_job_logs VALUES ('0a588339-f93c-4a54-9655-59e4fd30f49e', 'd842dc52-93b9-46ed-842d-d1569b50ddfc', '2022-11-02 13:10:42.821+02', 'provisioner', 'debug', 'Stopping workspace', '- Finding kreuzwerker/docker versions matching "~> 2.20.2"...') ON CONFLICT DO NOTHING;
INSERT INTO provisioner_job_logs VALUES ('0b21faa5-29a9-4b78-8a5b-2afd05d250eb', 'd842dc52-93b9-46ed-842d-d1569b50ddfc', '2022-11-02 13:10:43.027+02', 'provisioner', 'debug', 'Stopping workspace', '- Using coder/coder v0.5.0 from the shared cache directory') ON CONFLICT DO NOTHING;
INSERT INTO provisioner_job_logs VALUES ('47176b70-e029-4b88-9ba7-4b19781da315', 'd842dc52-93b9-46ed-842d-d1569b50ddfc', '2022-11-02 13:10:43.086+02', 'provisioner', 'debug', 'Stopping workspace', '- Using kreuzwerker/docker v2.20.3 from the shared cache directory') ON CONFLICT DO NOTHING;
INSERT INTO provisioner_job_logs VALUES ('eb7b92a8-fdcc-475b-88da-8b2e1c4c7a57', 'd842dc52-93b9-46ed-842d-d1569b50ddfc', '2022-11-02 13:10:43.16+02', 'provisioner', 'debug', 'Stopping workspace', 'Terraform has created a lock file .terraform.lock.hcl to record the provider') ON CONFLICT DO NOTHING;
INSERT INTO provisioner_job_logs VALUES ('c7b928c0-f6fb-4d4d-836a-8ff389bf8aad', 'd842dc52-93b9-46ed-842d-d1569b50ddfc', '2022-11-02 13:10:43.163+02', 'provisioner', 'debug', 'Stopping workspace', 'selections it made above. Include this file in your version control repository') ON CONFLICT DO NOTHING;
INSERT INTO provisioner_job_logs VALUES ('ed8116ca-5692-48ba-bc64-359bec1f54a6', 'd842dc52-93b9-46ed-842d-d1569b50ddfc', '2022-11-02 13:10:43.166+02', 'provisioner', 'debug', 'Stopping workspace', 'so that Terraform can guarantee to make the same selections by default when') ON CONFLICT DO NOTHING;
INSERT INTO provisioner_job_logs VALUES ('19e91c08-0342-4c21-8a23-8690b567a3bd', 'd842dc52-93b9-46ed-842d-d1569b50ddfc', '2022-11-02 13:10:43.168+02', 'provisioner', 'debug', 'Stopping workspace', 'you run "terraform init" in the future.') ON CONFLICT DO NOTHING;
INSERT INTO provisioner_job_logs VALUES ('c1144133-37fa-4715-9e1d-4301287ef9e7', 'd842dc52-93b9-46ed-842d-d1569b50ddfc', '2022-11-02 13:10:43.171+02', 'provisioner', 'debug', 'Stopping workspace', '') ON CONFLICT DO NOTHING;
INSERT INTO provisioner_job_logs VALUES ('f454b157-5e4d-45ac-83a6-aaceb242af1c', 'd842dc52-93b9-46ed-842d-d1569b50ddfc', '2022-11-02 13:10:43.173+02', 'provisioner', 'debug', 'Stopping workspace', '') ON CONFLICT DO NOTHING;
INSERT INTO provisioner_job_logs VALUES ('78ef1dfb-8de7-4c09-9775-9ac2b0c8fccb', 'd842dc52-93b9-46ed-842d-d1569b50ddfc', '2022-11-02 13:10:43.176+02', 'provisioner', 'debug', 'Stopping workspace', 'Warning: Incomplete lock file information for providers') ON CONFLICT DO NOTHING;
INSERT INTO provisioner_job_logs VALUES ('e17bda0e-e339-4f28-87ad-af15ff5103c3', 'd842dc52-93b9-46ed-842d-d1569b50ddfc', '2022-11-02 13:10:43.179+02', 'provisioner', 'debug', 'Stopping workspace', '') ON CONFLICT DO NOTHING;
INSERT INTO provisioner_job_logs VALUES ('6ae8b6b5-7817-414d-bf79-dd6f78a9db26', 'd842dc52-93b9-46ed-842d-d1569b50ddfc', '2022-11-02 13:10:43.182+02', 'provisioner', 'debug', 'Stopping workspace', 'Due to your customized provider installation methods, Terraform was forced to') ON CONFLICT DO NOTHING;
INSERT INTO provisioner_job_logs VALUES ('e3e90d48-336f-4d41-a90b-cc569633e5d4', 'd842dc52-93b9-46ed-842d-d1569b50ddfc', '2022-11-02 13:10:43.185+02', 'provisioner', 'debug', 'Stopping workspace', 'calculate lock file checksums locally for the following providers:') ON CONFLICT DO NOTHING;
INSERT INTO provisioner_job_logs VALUES ('615327b8-8a02-4afc-a6be-a4e2d0758ebf', 'd842dc52-93b9-46ed-842d-d1569b50ddfc', '2022-11-02 13:10:43.188+02', 'provisioner', 'debug', 'Stopping workspace', '  - coder/coder') ON CONFLICT DO NOTHING;
INSERT INTO provisioner_job_logs VALUES ('c30bc373-2667-42e7-aed5-bac2907c1813', 'd842dc52-93b9-46ed-842d-d1569b50ddfc', '2022-11-02 13:10:43.19+02', 'provisioner', 'debug', 'Stopping workspace', '  - kreuzwerker/docker') ON CONFLICT DO NOTHING;
INSERT INTO provisioner_job_logs VALUES ('c7a73bc4-1d99-4230-89c5-be15c70db5e3', 'd842dc52-93b9-46ed-842d-d1569b50ddfc', '2022-11-02 13:10:43.195+02', 'provisioner', 'debug', 'Stopping workspace', '') ON CONFLICT DO NOTHING;
INSERT INTO provisioner_job_logs VALUES ('fa365813-ac49-4cb7-aaeb-a9344156b73a', 'd842dc52-93b9-46ed-842d-d1569b50ddfc', '2022-11-02 13:10:43.198+02', 'provisioner', 'debug', 'Stopping workspace', 'The current .terraform.lock.hcl file only includes checksums for linux_amd64,') ON CONFLICT DO NOTHING;
INSERT INTO provisioner_job_logs VALUES ('e501ee90-28bd-4d20-ad99-12a09fe8287e', 'd842dc52-93b9-46ed-842d-d1569b50ddfc', '2022-11-02 13:10:43.201+02', 'provisioner', 'debug', 'Stopping workspace', 'so Terraform running on another platform will fail to install these') ON CONFLICT DO NOTHING;
INSERT INTO provisioner_job_logs VALUES ('f4708ad7-013b-4149-ba57-8d30f8198142', 'd842dc52-93b9-46ed-842d-d1569b50ddfc', '2022-11-02 13:10:43.203+02', 'provisioner', 'debug', 'Stopping workspace', 'providers.') ON CONFLICT DO NOTHING;
INSERT INTO provisioner_job_logs VALUES ('fa4f0229-187c-4654-aff8-6cee50c6720e', 'd842dc52-93b9-46ed-842d-d1569b50ddfc', '2022-11-02 13:10:43.206+02', 'provisioner', 'debug', 'Stopping workspace', '') ON CONFLICT DO NOTHING;
INSERT INTO provisioner_job_logs VALUES ('0ccf37bd-877e-464c-9931-97564752f445', 'd842dc52-93b9-46ed-842d-d1569b50ddfc', '2022-11-02 13:10:43.21+02', 'provisioner', 'debug', 'Stopping workspace', 'To calculate additional checksums for another platform, run:') ON CONFLICT DO NOTHING;
INSERT INTO provisioner_job_logs VALUES ('64242d19-9374-45e3-a46c-17833470e20d', 'd842dc52-93b9-46ed-842d-d1569b50ddfc', '2022-11-02 13:10:43.212+02', 'provisioner', 'debug', 'Stopping workspace', '  terraform providers lock -platform=linux_amd64') ON CONFLICT DO NOTHING;
INSERT INTO provisioner_job_logs VALUES ('027cb177-34fd-4137-91a8-f0b63c0ae8f1', 'd842dc52-93b9-46ed-842d-d1569b50ddfc', '2022-11-02 13:10:43.216+02', 'provisioner', 'debug', 'Stopping workspace', '(where linux_amd64 is the platform to generate)') ON CONFLICT DO NOTHING;
INSERT INTO provisioner_job_logs VALUES ('fd28c560-d002-4f4d-947e-75a9dd98ae71', 'd842dc52-93b9-46ed-842d-d1569b50ddfc', '2022-11-02 13:10:43.218+02', 'provisioner', 'debug', 'Stopping workspace', '') ON CONFLICT DO NOTHING;
INSERT INTO provisioner_job_logs VALUES ('35ad66c7-fd53-49a8-8a08-993abb9dc471', 'd842dc52-93b9-46ed-842d-d1569b50ddfc', '2022-11-02 13:10:43.22+02', 'provisioner', 'debug', 'Stopping workspace', 'Terraform has been successfully initialized!') ON CONFLICT DO NOTHING;
INSERT INTO provisioner_job_logs VALUES ('2d4d5e8c-2eea-42ba-8aea-2f250af13f8f', 'd842dc52-93b9-46ed-842d-d1569b50ddfc', '2022-11-02 13:10:43.222+02', 'provisioner', 'info', 'Stopping workspace', 'Terraform 1.2.8') ON CONFLICT DO NOTHING;
INSERT INTO provisioner_job_logs VALUES ('cf9cb3ab-8af9-4b34-8500-02979c138c4e', 'd842dc52-93b9-46ed-842d-d1569b50ddfc', '2022-11-02 13:10:43.952+02', 'provisioner', 'info', 'Stopping workspace', 'data.coder_workspace.me: Refreshing...') ON CONFLICT DO NOTHING;
INSERT INTO provisioner_job_logs VALUES ('8537a20e-b447-423e-8f68-24b53582c88c', 'd842dc52-93b9-46ed-842d-d1569b50ddfc', '2022-11-02 13:10:43.957+02', 'provisioner', 'info', 'Stopping workspace', 'data.coder_provisioner.me: Refreshing...') ON CONFLICT DO NOTHING;
INSERT INTO provisioner_job_logs VALUES ('989116f5-b114-4df4-9b4f-62417b12cdd5', 'd842dc52-93b9-46ed-842d-d1569b50ddfc', '2022-11-02 13:10:43.962+02', 'provisioner', 'info', 'Stopping workspace', 'data.coder_workspace.me: Refresh complete after 0s [id=2d72d32e-3021-4843-b582-d962fee897e2]') ON CONFLICT DO NOTHING;
INSERT INTO provisioner_job_logs VALUES ('33440676-d562-4284-8496-e9be767976de', 'd842dc52-93b9-46ed-842d-d1569b50ddfc', '2022-11-02 13:10:43.965+02', 'provisioner', 'info', 'Stopping workspace', 'data.coder_provisioner.me: Refresh complete after 0s [id=a9bb9c27-a53b-4524-821b-64d3bf2da47c]') ON CONFLICT DO NOTHING;
INSERT INTO provisioner_job_logs VALUES ('3ea2e134-018b-4291-b9ca-d7db05a6a127', 'd842dc52-93b9-46ed-842d-d1569b50ddfc', '2022-11-02 13:10:43.969+02', 'provisioner', 'info', 'Stopping workspace', 'docker_volume.home_volume: Refreshing state... [id=coder-oauthuser1-scheduled-root]') ON CONFLICT DO NOTHING;
INSERT INTO provisioner_job_logs VALUES ('45d2a1e5-73a5-423f-a0bb-43a4fc49f457', 'd842dc52-93b9-46ed-842d-d1569b50ddfc', '2022-11-02 13:10:43.972+02', 'provisioner', 'info', 'Stopping workspace', 'coder_agent.main: Refreshing state... [id=8841874d-0c5c-49ab-ab10-2c6b8e509433]') ON CONFLICT DO NOTHING;
INSERT INTO provisioner_job_logs VALUES ('71910cc2-83f8-4507-856b-7a95de0ec6f8', 'd842dc52-93b9-46ed-842d-d1569b50ddfc', '2022-11-02 13:10:43.975+02', 'provisioner', 'info', 'Stopping workspace', 'docker_volume.home_volume: Refresh complete [id=coder-oauthuser1-scheduled-root]') ON CONFLICT DO NOTHING;
INSERT INTO provisioner_job_logs VALUES ('96f27f81-0b5c-49b0-9b69-18ab9bd71d74', 'd842dc52-93b9-46ed-842d-d1569b50ddfc', '2022-11-02 13:10:43.978+02', 'provisioner', 'info', 'Stopping workspace', 'coder_agent.main: Refresh complete [id=8841874d-0c5c-49ab-ab10-2c6b8e509433]') ON CONFLICT DO NOTHING;
INSERT INTO provisioner_job_logs VALUES ('6f7ec6ad-1f57-44b9-b1d3-d23e26ceca6e', 'd842dc52-93b9-46ed-842d-d1569b50ddfc', '2022-11-02 13:10:43.982+02', 'provisioner', 'info', 'Stopping workspace', 'coder_app.code-server: Refreshing state... [id=86ac90e2-cc81-41dc-a16e-eeca54c8a3c7]') ON CONFLICT DO NOTHING;
INSERT INTO provisioner_job_logs VALUES ('13d86e02-e7ab-4390-a80b-dadee7fa8146', 'd842dc52-93b9-46ed-842d-d1569b50ddfc', '2022-11-02 13:10:43.985+02', 'provisioner', 'info', 'Stopping workspace', 'coder_app.code-server: Refresh complete [id=86ac90e2-cc81-41dc-a16e-eeca54c8a3c7]') ON CONFLICT DO NOTHING;
INSERT INTO provisioner_job_logs VALUES ('214603da-529f-42e5-964d-77e91c92940f', 'd842dc52-93b9-46ed-842d-d1569b50ddfc', '2022-11-02 13:10:43.99+02', 'provisioner', 'info', 'Stopping workspace', 'docker_container.workspace[0]: Refreshing state... [id=031ada2ead4766de08331f05ed2e5f0d674166517757edf1b924886b1359cab5]') ON CONFLICT DO NOTHING;
INSERT INTO provisioner_job_logs VALUES ('52409cc8-c6ce-4d8d-8c53-dc3e3734ae17', 'd842dc52-93b9-46ed-842d-d1569b50ddfc', '2022-11-02 13:10:44.11+02', 'provisioner', 'info', 'Stopping workspace', 'docker_container.workspace[0]: Refresh complete [id=031ada2ead4766de08331f05ed2e5f0d674166517757edf1b924886b1359cab5]') ON CONFLICT DO NOTHING;
INSERT INTO provisioner_job_logs VALUES ('957979e1-7611-49f0-8756-d7e2a4eaffee', 'd842dc52-93b9-46ed-842d-d1569b50ddfc', '2022-11-02 13:10:44.125+02', 'provisioner', 'info', 'Stopping workspace', 'coder_agent.main: Drift detected (update)') ON CONFLICT DO NOTHING;
INSERT INTO provisioner_job_logs VALUES ('d364a7e6-249c-4fd9-a041-3854b03388f9', 'd842dc52-93b9-46ed-842d-d1569b50ddfc', '2022-11-02 13:10:44.13+02', 'provisioner', 'info', 'Stopping workspace', 'docker_container.workspace[0]: Drift detected (update)') ON CONFLICT DO NOTHING;
INSERT INTO provisioner_job_logs VALUES ('27daf314-7f00-435d-8fad-f037882392bb', 'd842dc52-93b9-46ed-842d-d1569b50ddfc', '2022-11-02 13:10:44.134+02', 'provisioner', 'info', 'Stopping workspace', 'docker_volume.home_volume: Drift detected (update)') ON CONFLICT DO NOTHING;
INSERT INTO provisioner_job_logs VALUES ('736b42be-7b2a-4f91-8676-37e12f2ca6f3', 'd842dc52-93b9-46ed-842d-d1569b50ddfc', '2022-11-02 13:10:44.137+02', 'provisioner', 'info', 'Stopping workspace', 'docker_container.workspace[0]: Plan to delete') ON CONFLICT DO NOTHING;
INSERT INTO provisioner_job_logs VALUES ('0bcd3cbc-916b-417e-96c2-afb5e83c9f3c', 'd842dc52-93b9-46ed-842d-d1569b50ddfc', '2022-11-02 13:10:44.14+02', 'provisioner', 'info', 'Stopping workspace', 'Plan: 0 to add, 0 to change, 1 to destroy.') ON CONFLICT DO NOTHING;
INSERT INTO provisioner_job_logs VALUES ('deba29f1-462d-4e70-a6e7-ca2cb8ac5b70', 'd842dc52-93b9-46ed-842d-d1569b50ddfc', '2022-11-02 13:10:44.257+02', 'provisioner', 'info', 'Stopping workspace', 'docker_container.workspace[0]: Destroying... [id=031ada2ead4766de08331f05ed2e5f0d674166517757edf1b924886b1359cab5]') ON CONFLICT DO NOTHING;
INSERT INTO provisioner_job_logs VALUES ('118af4d6-67f3-4906-9585-4b4f1cdefc57', 'd842dc52-93b9-46ed-842d-d1569b50ddfc', '2022-11-02 13:10:44.579+02', 'provisioner', 'info', 'Stopping workspace', 'docker_container.workspace[0]: Destruction complete after 1s') ON CONFLICT DO NOTHING;
INSERT INTO provisioner_job_logs VALUES ('c257a4c2-83f7-45b4-ae42-652a93547b51', 'd842dc52-93b9-46ed-842d-d1569b50ddfc', '2022-11-02 13:10:44.592+02', 'provisioner', 'info', 'Stopping workspace', 'Apply complete! Resources: 0 added, 0 changed, 1 destroyed.') ON CONFLICT DO NOTHING;
INSERT INTO provisioner_job_logs VALUES ('825b93e0-a4fb-4807-9570-2190eec03ba7', 'd842dc52-93b9-46ed-842d-d1569b50ddfc', '2022-11-02 13:10:44.595+02', 'provisioner', 'info', 'Stopping workspace', 'Outputs: 0') ON CONFLICT DO NOTHING;
INSERT INTO provisioner_job_logs VALUES ('7ebd786a-4c6b-4d81-b66e-c70912ac2036', 'd842dc52-93b9-46ed-842d-d1569b50ddfc', '2022-11-02 13:10:45.612+02', 'provisioner_daemon', 'info', 'Cleaning Up', '') ON CONFLICT DO NOTHING;


--
-- Data for Name: schema_migrations; Type: TABLE DATA; Schema: public; Owner: coder
--

INSERT INTO schema_migrations VALUES (22, false) ON CONFLICT DO NOTHING;


--
-- Data for Name: templates; Type: TABLE DATA; Schema: public; Owner: coder
--

INSERT INTO templates VALUES ('4cc1f466-f326-477e-8762-9d0c6781fc56', '2022-11-02 13:03:56.718393+02', '2022-11-02 13:03:56.718393+02', 'bb640d07-ca8a-4869-b6bc-ae61ebb2fda1', false, 'docker-code-server', 'terraform', '4e681a60-83da-42c2-902e-6535376ebb77', '', 604800000000000, 3600000000000, '30095c71-380b-457a-8995-97b8ee6e5307') ON CONFLICT DO NOTHING;


--
-- Data for Name: template_versions; Type: TABLE DATA; Schema: public; Owner: coder
--

INSERT INTO template_versions VALUES ('920baba5-4c64-4686-8b7d-d1bef5683eae', '4cc1f466-f326-477e-8762-9d0c6781fc56', 'bb640d07-ca8a-4869-b6bc-ae61ebb2fda1', '2022-11-02 13:03:31.676657+02', '0001-01-01 01:39:49+01:39:49', 'trusting_lamport1', '---
name: Develop code-server in Docker
description: Run code-server in a Docker development environment
tags: [local, docker]
---

# code-server in Docker

## Getting started

Run `coder templates init` and select this template. Follow the instructions that appear.

## Supported Parameters

You can create a file containing parameters and pass the argument
`--parameter-file` to `coder templates create`.
See `params.sample.yaml` for more information.

This template has the following predefined parameters:

- `docker_host`: Path to (or address of) the Docker socket.
  > You can determine the correct value for this by running
  > `docker context ls`.
- `docker_arch`: Architecture of the host running Docker.
  This can be `amd64`, `arm64`, or `armv7`.
', 'f1392ef5-2502-4474-9f0c-98b5cad6edf0') ON CONFLICT DO NOTHING;
INSERT INTO template_versions VALUES ('4e681a60-83da-42c2-902e-6535376ebb77', '4cc1f466-f326-477e-8762-9d0c6781fc56', 'bb640d07-ca8a-4869-b6bc-ae61ebb2fda1', '2022-11-02 13:07:52.490041+02', '2022-11-02 13:07:52.950734+02', 'thirsty_williamson6', '---
name: Develop code-server in Docker
description: Run code-server in a Docker development environment
tags: [local, docker]
---

# code-server in Docker

## Getting started

Run `coder templates init` and select this template. Follow the instructions that appear.

## Supported Parameters

You can create a file containing parameters and pass the argument
`--parameter-file` to `coder templates create`.
See `params.sample.yaml` for more information.

This template has the following predefined parameters:

- `docker_host`: Path to (or address of) the Docker socket.
  > You can determine the correct value for this by running
  > `docker context ls`.
- `docker_arch`: Architecture of the host running Docker.
  This can be `amd64`, `arm64`, or `armv7`.
', 'f042af17-e3a2-4194-af67-e416302bc860') ON CONFLICT DO NOTHING;


--
-- Data for Name: workspace_resources; Type: TABLE DATA; Schema: public; Owner: coder
--

INSERT INTO workspace_resources VALUES ('0ff953c0-92a6-4fe6-a415-eb0139a36ad1', '2022-11-02 13:03:45.043403+02', 'f1392ef5-2502-4474-9f0c-98b5cad6edf0', 'start', 'docker_container', 'workspace') ON CONFLICT DO NOTHING;
INSERT INTO workspace_resources VALUES ('82d290df-0aa7-4514-9db8-e4e573442c6e', '2022-11-02 13:03:45.050988+02', 'f1392ef5-2502-4474-9f0c-98b5cad6edf0', 'start', 'docker_volume', 'home_volume') ON CONFLICT DO NOTHING;
INSERT INTO workspace_resources VALUES ('1188c596-990b-4754-9e36-aaa013b9ea9a', '2022-11-02 13:03:45.053839+02', 'f1392ef5-2502-4474-9f0c-98b5cad6edf0', 'stop', 'docker_volume', 'home_volume') ON CONFLICT DO NOTHING;
INSERT INTO workspace_resources VALUES ('de5e9eeb-f2d1-4fae-a0f4-3966f1a15554', '2022-11-02 13:04:14.068501+02', '3013ee6d-3c8f-4dcf-8271-01fd1e88aba6', 'start', 'docker_container', 'workspace') ON CONFLICT DO NOTHING;
INSERT INTO workspace_resources VALUES ('46b830e7-0b13-44f4-90ef-0e29e8f948e3', '2022-11-02 13:04:14.074875+02', '3013ee6d-3c8f-4dcf-8271-01fd1e88aba6', 'start', 'docker_volume', 'home_volume') ON CONFLICT DO NOTHING;
INSERT INTO workspace_resources VALUES ('e1dde2c9-bfff-485b-9b85-9ce53a59b3ee', '2022-11-02 13:04:22.824216+02', '52a90399-a53d-4644-be3c-47ee18a5716e', 'start', 'docker_container', 'workspace') ON CONFLICT DO NOTHING;
INSERT INTO workspace_resources VALUES ('9f9b17b8-a7eb-491b-adee-4224f1dca047', '2022-11-02 13:04:22.826459+02', '52a90399-a53d-4644-be3c-47ee18a5716e', 'start', 'docker_volume', 'home_volume') ON CONFLICT DO NOTHING;
INSERT INTO workspace_resources VALUES ('d14ad764-3385-4276-8201-0d70935e4e50', '2022-11-02 13:04:51.507424+02', '104c5815-7bd2-4d09-b76c-00c61b95f0a6', 'stop', 'docker_volume', 'home_volume') ON CONFLICT DO NOTHING;
INSERT INTO workspace_resources VALUES ('578765bb-bf7c-49b6-9d3e-5d089d68180d', '2022-11-02 13:04:58.764535+02', 'd6ec4737-feaa-446e-aa14-8b2b98b59bf9', 'start', 'docker_container', 'workspace') ON CONFLICT DO NOTHING;
INSERT INTO workspace_resources VALUES ('c192783d-bbdf-4a52-bd30-3da3321da46b', '2022-11-02 13:04:58.76647+02', 'd6ec4737-feaa-446e-aa14-8b2b98b59bf9', 'start', 'docker_volume', 'home_volume') ON CONFLICT DO NOTHING;
INSERT INTO workspace_resources VALUES ('93609df1-39ab-46e8-8fba-4d207cdbe461', '2022-11-02 13:05:43.879156+02', '4de9c41c-eb10-435a-8742-e8725e926a9d', 'start', 'docker_container', 'workspace') ON CONFLICT DO NOTHING;
INSERT INTO workspace_resources VALUES ('03e8a6e1-4ec2-4115-9595-b0b6a0cbba82', '2022-11-02 13:05:43.881237+02', '4de9c41c-eb10-435a-8742-e8725e926a9d', 'start', 'docker_volume', 'home_volume') ON CONFLICT DO NOTHING;
INSERT INTO workspace_resources VALUES ('e670ea5b-8a4e-4e5f-92e7-a46901474f26', '2022-11-02 13:06:08.661894+02', '424a58cb-61d6-4627-9907-613c396c4a38', 'start', 'docker_volume', 'home_volume') ON CONFLICT DO NOTHING;
INSERT INTO workspace_resources VALUES ('4888064d-263c-4022-abdb-8816ac433c36', '2022-11-02 13:06:08.662461+02', '424a58cb-61d6-4627-9907-613c396c4a38', 'start', 'docker_container', 'workspace') ON CONFLICT DO NOTHING;
INSERT INTO workspace_resources VALUES ('f8e41551-2add-4243-b174-ba5525ef3468', '2022-11-02 13:07:57.523213+02', 'f042af17-e3a2-4194-af67-e416302bc860', 'start', 'docker_container', 'workspace') ON CONFLICT DO NOTHING;
INSERT INTO workspace_resources VALUES ('0405ee7f-ac1f-4ef3-839b-56476f9fc724', '2022-11-02 13:07:57.529989+02', 'f042af17-e3a2-4194-af67-e416302bc860', 'start', 'docker_volume', 'home_volume') ON CONFLICT DO NOTHING;
INSERT INTO workspace_resources VALUES ('566883fd-d61f-427a-bbc7-16566923e613', '2022-11-02 13:07:57.531917+02', 'f042af17-e3a2-4194-af67-e416302bc860', 'stop', 'docker_volume', 'home_volume') ON CONFLICT DO NOTHING;
INSERT INTO workspace_resources VALUES ('35a7cc19-0816-40bd-930b-1afe28dfc656', '2022-11-02 13:08:10.803507+02', '452e84e3-6847-4fcc-b8b2-ee43cd1f37fc', 'start', 'docker_container', 'workspace') ON CONFLICT DO NOTHING;
INSERT INTO workspace_resources VALUES ('63d5f2c3-232f-4b83-b7c1-c148b773df23', '2022-11-02 13:08:10.80546+02', '452e84e3-6847-4fcc-b8b2-ee43cd1f37fc', 'start', 'docker_volume', 'home_volume') ON CONFLICT DO NOTHING;
INSERT INTO workspace_resources VALUES ('82efa58b-dafc-4cbd-b3d5-47229e151720', '2022-11-02 13:09:54.752163+02', '52874f66-89cc-4e6b-8066-80ba21ad9e57', 'stop', 'docker_volume', 'home_volume') ON CONFLICT DO NOTHING;
INSERT INTO workspace_resources VALUES ('8090fa9e-bc58-4dc4-ab96-053ea4e6fb62', '2022-11-02 13:10:45.608721+02', 'd842dc52-93b9-46ed-842d-d1569b50ddfc', 'stop', 'docker_volume', 'home_volume') ON CONFLICT DO NOTHING;


--
-- Data for Name: workspace_agents; Type: TABLE DATA; Schema: public; Owner: coder
--

INSERT INTO workspace_agents VALUES ('45e89705-e09d-4850-bcec-f9a937f5d78d', '2022-11-02 13:03:45.046432+02', '2022-11-02 13:03:45.046432+02', 'main', NULL, NULL, NULL, '0ff953c0-92a6-4fe6-a415-eb0139a36ad1', 'ffc107ef-7ded-4d80-b1a9-0c1d0bf7ccbf', NULL, 'amd64', '{"GIT_AUTHOR_NAME": "default", "GIT_AUTHOR_EMAIL": "", "GIT_COMMITTER_NAME": "default", "GIT_COMMITTER_EMAIL": ""}', 'linux', 'code-server --auth none', NULL, NULL, '') ON CONFLICT DO NOTHING;
INSERT INTO workspace_agents VALUES ('a90934b3-34da-400a-a583-fa4dcb3b4668', '2022-11-02 13:04:14.070745+02', '2022-11-02 13:04:14.070745+02', 'main', NULL, NULL, NULL, 'de5e9eeb-f2d1-4fae-a0f4-3966f1a15554', '7703f4f1-210d-4c8f-a298-5803661cd7a7', NULL, 'amd64', '{"GIT_AUTHOR_NAME": "admin", "GIT_AUTHOR_EMAIL": "", "GIT_COMMITTER_NAME": "admin", "GIT_COMMITTER_EMAIL": ""}', 'linux', 'code-server --auth none', NULL, NULL, '') ON CONFLICT DO NOTHING;
INSERT INTO workspace_agents VALUES ('5f8e48e4-1304-45bd-b91a-ab12c8bfc20f', '2022-11-02 13:04:58.765211+02', '2022-11-02 13:04:58.765211+02', 'main', '2022-11-02 13:04:58.931953+02', '2022-11-02 13:11:08.372146+02', NULL, '578765bb-bf7c-49b6-9d3e-5d089d68180d', 'ea71c16a-cf93-4c45-a1fd-100fc034528f', NULL, 'amd64', '{"GIT_AUTHOR_NAME": "admin", "GIT_AUTHOR_EMAIL": "", "GIT_COMMITTER_NAME": "admin", "GIT_COMMITTER_EMAIL": ""}', 'linux', 'code-server --auth none', NULL, NULL, '') ON CONFLICT DO NOTHING;
INSERT INTO workspace_agents VALUES ('8fa17bbd-c48c-44c7-91ae-d4acbc755fad', '2022-11-02 13:04:22.825169+02', '2022-11-02 13:04:22.825169+02', 'main', '2022-11-02 13:04:23.19467+02', '2022-11-02 13:04:50.199604+02', NULL, 'e1dde2c9-bfff-485b-9b85-9ce53a59b3ee', '769edba1-bfcf-46bf-a5e8-0f2533d54f71', NULL, 'amd64', '{"GIT_AUTHOR_NAME": "admin", "GIT_AUTHOR_EMAIL": "", "GIT_COMMITTER_NAME": "admin", "GIT_COMMITTER_EMAIL": ""}', 'linux', 'code-server --auth none', NULL, NULL, '') ON CONFLICT DO NOTHING;
INSERT INTO workspace_agents VALUES ('ef095280-d76a-422d-812f-0991ad06f2de', '2022-11-02 13:07:57.525832+02', '2022-11-02 13:07:57.525832+02', 'main', NULL, NULL, NULL, 'f8e41551-2add-4243-b174-ba5525ef3468', '73b3a1d3-7f78-43d6-8c97-4ccb70bb5cc2', NULL, 'amd64', '{"GIT_AUTHOR_NAME": "default", "GIT_AUTHOR_EMAIL": "", "GIT_COMMITTER_NAME": "default", "GIT_COMMITTER_EMAIL": ""}', 'linux', 'code-server --auth none', NULL, NULL, '') ON CONFLICT DO NOTHING;
INSERT INTO workspace_agents VALUES ('a000d66f-e24e-4d40-9d2c-ec3809da3a55', '2022-11-02 13:06:08.662927+02', '2022-11-02 13:06:08.662927+02', 'main', '2022-11-02 13:06:08.700926+02', '2022-11-02 13:10:41.705193+02', NULL, '4888064d-263c-4022-abdb-8816ac433c36', '90cc130e-9f39-410a-a574-741e397877c1', NULL, 'amd64', '{"GIT_AUTHOR_NAME": "oauthuser1", "GIT_AUTHOR_EMAIL": "", "GIT_COMMITTER_NAME": "oauthuser1", "GIT_COMMITTER_EMAIL": ""}', 'linux', 'code-server --auth none', NULL, NULL, '') ON CONFLICT DO NOTHING;
INSERT INTO workspace_agents VALUES ('7bb646eb-7baa-4300-a580-addb3fe89529', '2022-11-02 13:08:10.804142+02', '2022-11-02 13:08:10.804142+02', 'main', '2022-11-02 13:08:10.813078+02', '2022-11-02 13:09:52.819083+02', NULL, '35a7cc19-0816-40bd-930b-1afe28dfc656', 'e82e7cf1-9cfc-4c47-b591-22439f6c00cc', NULL, 'amd64', '{"GIT_AUTHOR_NAME": "oauthuser1", "GIT_AUTHOR_EMAIL": "", "GIT_COMMITTER_NAME": "oauthuser1", "GIT_COMMITTER_EMAIL": ""}', 'linux', 'code-server --auth none', NULL, NULL, '') ON CONFLICT DO NOTHING;
INSERT INTO workspace_agents VALUES ('7a1ce5f8-8d00-431c-ad1b-97a846512804', '2022-11-02 13:05:43.879791+02', '2022-11-02 13:05:43.879791+02', 'main', '2022-11-02 13:05:43.891545+02', '2022-11-02 13:08:07.898132+02', NULL, '93609df1-39ab-46e8-8fba-4d207cdbe461', 'c427d112-23d8-4634-994e-d65a79e718fc', NULL, 'amd64', '{"GIT_AUTHOR_NAME": "oauthuser1", "GIT_AUTHOR_EMAIL": "", "GIT_COMMITTER_NAME": "oauthuser1", "GIT_COMMITTER_EMAIL": ""}', 'linux', 'code-server --auth none', NULL, NULL, '') ON CONFLICT DO NOTHING;


--
-- Data for Name: workspace_apps; Type: TABLE DATA; Schema: public; Owner: coder
--

INSERT INTO workspace_apps VALUES ('36b65d0c-042b-4653-863a-655ee739861c', '2022-11-02 13:03:45.048584+02', '45e89705-e09d-4850-bcec-f9a937f5d78d', 'code-server', '/icon/code.svg', NULL, 'http://localhost:8080/?folder=/home/coder', false) ON CONFLICT DO NOTHING;
INSERT INTO workspace_apps VALUES ('347909cf-e3a9-4548-a800-73b4d166305a', '2022-11-02 13:04:14.072762+02', 'a90934b3-34da-400a-a583-fa4dcb3b4668', 'code-server', '/icon/code.svg', NULL, 'http://localhost:8080/?folder=/home/coder', false) ON CONFLICT DO NOTHING;
INSERT INTO workspace_apps VALUES ('a47965a2-0a25-4810-8cc9-d283c86ab34c', '2022-11-02 13:04:22.825963+02', '8fa17bbd-c48c-44c7-91ae-d4acbc755fad', 'code-server', '/icon/code.svg', NULL, 'http://localhost:8080/?folder=/home/coder', false) ON CONFLICT DO NOTHING;
INSERT INTO workspace_apps VALUES ('6ee01bda-a857-413a-8755-93365a955ece', '2022-11-02 13:04:58.765877+02', '5f8e48e4-1304-45bd-b91a-ab12c8bfc20f', 'code-server', '/icon/code.svg', NULL, 'http://localhost:8080/?folder=/home/coder', false) ON CONFLICT DO NOTHING;
INSERT INTO workspace_apps VALUES ('ed0b4a8b-9cb3-45f9-ac86-31038d192b66', '2022-11-02 13:05:43.8806+02', '7a1ce5f8-8d00-431c-ad1b-97a846512804', 'code-server', '/icon/code.svg', NULL, 'http://localhost:8080/?folder=/home/coder', false) ON CONFLICT DO NOTHING;
INSERT INTO workspace_apps VALUES ('9a5bf95c-dc6d-4780-9a62-6cb5ffe8d2a6', '2022-11-02 13:06:08.663494+02', 'a000d66f-e24e-4d40-9d2c-ec3809da3a55', 'code-server', '/icon/code.svg', NULL, 'http://localhost:8080/?folder=/home/coder', false) ON CONFLICT DO NOTHING;
INSERT INTO workspace_apps VALUES ('7e5670b0-0643-4622-a6f2-3986b39ee260', '2022-11-02 13:07:57.52769+02', 'ef095280-d76a-422d-812f-0991ad06f2de', 'code-server', '/icon/code.svg', NULL, 'http://localhost:8080/?folder=/home/coder', false) ON CONFLICT DO NOTHING;
INSERT INTO workspace_apps VALUES ('69bbcdf0-c193-4e91-b998-8bfa97425d27', '2022-11-02 13:08:10.804861+02', '7bb646eb-7baa-4300-a580-addb3fe89529', 'code-server', '/icon/code.svg', NULL, 'http://localhost:8080/?folder=/home/coder', false) ON CONFLICT DO NOTHING;


--
-- Data for Name: workspaces; Type: TABLE DATA; Schema: public; Owner: coder
--

INSERT INTO workspaces VALUES ('3a9a1feb-e89d-457c-9d53-ac751b198ebe', '2022-11-02 13:04:19.044082+02', '2022-11-02 13:04:19.044082+02', '30095c71-380b-457a-8995-97b8ee6e5307', 'bb640d07-ca8a-4869-b6bc-ae61ebb2fda1', '4cc1f466-f326-477e-8762-9d0c6781fc56', false, 'my-workspace', 'CRON_TZ=UTC 0 9 * * MON-FRI', 28800000000000) ON CONFLICT DO NOTHING;
INSERT INTO workspaces VALUES ('b90547be-8870-4d68-8184-e8b2242b7c01', '2022-11-02 13:05:40.181124+02', '2022-11-02 13:05:40.181124+02', '0ed9befc-4911-4ccf-a8e2-559bf72daa94', 'bb640d07-ca8a-4869-b6bc-ae61ebb2fda1', '4cc1f466-f326-477e-8762-9d0c6781fc56', false, 'test1', NULL, 604800000000000) ON CONFLICT DO NOTHING;
INSERT INTO workspaces VALUES ('2d72d32e-3021-4843-b582-d962fee897e2', '2022-11-02 13:06:03.554876+02', '2022-11-02 13:06:03.554876+02', '0ed9befc-4911-4ccf-a8e2-559bf72daa94', 'bb640d07-ca8a-4869-b6bc-ae61ebb2fda1', '4cc1f466-f326-477e-8762-9d0c6781fc56', false, 'scheduled', 'CRON_TZ=Europe/Helsinki 30 09 * * *', 288000000000000) ON CONFLICT DO NOTHING;


--
-- Data for Name: workspace_builds; Type: TABLE DATA; Schema: public; Owner: coder
--

INSERT INTO workspace_builds VALUES ('a8c0b8c5-c9a8-4f33-93a4-8142e6858244', '2022-11-02 13:04:19.044082+02', '2022-11-02 13:04:22.82111+02', '3a9a1feb-e89d-457c-9d53-ac751b198ebe', '920baba5-4c64-4686-8b7d-d1bef5683eae', 'wizardly_lumiere8', 1, 'start', '30095c71-380b-457a-8995-97b8ee6e5307', '\x7b0a20202276657273696f6e223a20342c0a2020227465727261666f726d5f76657273696f6e223a2022312e322e38222c0a20202273657269616c223a20352c0a2020226c696e65616765223a202230633238626130332d623932322d333431342d353766642d656631336166333061373662222c0a2020226f757470757473223a207b7d2c0a2020227265736f7572636573223a205b0a202020207b0a202020202020226d6f6465223a202264617461222c0a2020202020202274797065223a2022636f6465725f70726f766973696f6e6572222c0a202020202020226e616d65223a20226d65222c0a2020202020202270726f7669646572223a202270726f76696465725b5c2272656769737472792e7465727261666f726d2e696f2f636f6465722f636f6465725c225d222c0a20202020202022696e7374616e636573223a205b0a20202020202020207b0a2020202020202020202022736368656d615f76657273696f6e223a20302c0a202020202020202020202261747472696275746573223a207b0a2020202020202020202020202261726368223a2022616d643634222c0a202020202020202020202020226964223a202231376363313761662d386262622d343736312d616433392d646136326164353132633233222c0a202020202020202020202020226f73223a20226c696e7578220a202020202020202020207d2c0a202020202020202020202273656e7369746976655f61747472696275746573223a205b5d0a20202020202020207d0a2020202020205d0a202020207d2c0a202020207b0a202020202020226d6f6465223a202264617461222c0a2020202020202274797065223a2022636f6465725f776f726b7370616365222c0a202020202020226e616d65223a20226d65222c0a2020202020202270726f7669646572223a202270726f76696465725b5c2272656769737472792e7465727261666f726d2e696f2f636f6465722f636f6465725c225d222c0a20202020202022696e7374616e636573223a205b0a20202020202020207b0a2020202020202020202022736368656d615f76657273696f6e223a20302c0a202020202020202020202261747472696275746573223a207b0a202020202020202020202020226163636573735f706f7274223a20333233322c0a202020202020202020202020226163636573735f75726c223a2022687474703a2f2f3139322e3136382e312e3134363a33323332222c0a202020202020202020202020226964223a202233613961316665622d653839642d343537632d396435332d616337353162313938656265222c0a202020202020202020202020226e616d65223a20226d792d776f726b7370616365222c0a202020202020202020202020226f776e6572223a202261646d696e222c0a202020202020202020202020226f776e65725f656d61696c223a2022222c0a202020202020202020202020226f776e65725f6964223a202233303039356337312d333830622d343537612d383939352d393762386565366535333037222c0a2020202020202020202020202273746172745f636f756e74223a20312c0a202020202020202020202020227472616e736974696f6e223a20227374617274220a202020202020202020207d2c0a202020202020202020202273656e7369746976655f61747472696275746573223a205b5d0a20202020202020207d0a2020202020205d0a202020207d2c0a202020207b0a202020202020226d6f6465223a20226d616e61676564222c0a2020202020202274797065223a2022636f6465725f6167656e74222c0a202020202020226e616d65223a20226d61696e222c0a2020202020202270726f7669646572223a202270726f76696465725b5c2272656769737472792e7465727261666f726d2e696f2f636f6465722f636f6465725c225d222c0a20202020202022696e7374616e636573223a205b0a20202020202020207b0a2020202020202020202022736368656d615f76657273696f6e223a20302c0a202020202020202020202261747472696275746573223a207b0a2020202020202020202020202261726368223a2022616d643634222c0a2020202020202020202020202261757468223a2022746f6b656e222c0a20202020202020202020202022646972223a206e756c6c2c0a20202020202020202020202022656e76223a207b0a2020202020202020202020202020224749545f415554484f525f454d41494c223a2022222c0a2020202020202020202020202020224749545f415554484f525f4e414d45223a202261646d696e222c0a2020202020202020202020202020224749545f434f4d4d49545445525f454d41494c223a2022222c0a2020202020202020202020202020224749545f434f4d4d49545445525f4e414d45223a202261646d696e220a2020202020202020202020207d2c0a202020202020202020202020226964223a202230393037646162392d313930392d346430332d626666642d393336613261303561323261222c0a20202020202020202020202022696e69745f736372697074223a202223212f7573722f62696e2f656e762073685c6e736574202d65757820706970656661696c5c6e42494e4152595f4c4f434154494f4e3d24286d6b74656d70202d64202d7420746d702e636f646572585858585858292f636f6465725c6e42494e4152595f55524c3d687474703a2f2f3139322e3136382e312e3134363a333233322f62696e2f636f6465722d6c696e75782d616d6436345c6e6966207768696368206375726c205c75303033652f6465762f6e756c6c20325c75303033655c7530303236313b207468656e5c6e5c746375726c202d6673534c205c22247b42494e4152595f55524c7d5c22202d6f205c22247b42494e4152595f4c4f434154494f4e7d5c225c6e656c69662077686963682077676574205c75303033652f6465762f6e756c6c20325c75303033655c7530303236313b207468656e5c6e5c7477676574202d71205c22247b42494e4152595f55524c7d5c22202d4f205c22247b42494e4152595f4c4f434154494f4e7d5c225c6e656c69662077686963682062757379626f78205c75303033652f6465762f6e756c6c20325c75303033655c7530303236313b207468656e5c6e5c7462757379626f782077676574202d71205c22247b42494e4152595f55524c7d5c22202d4f205c22247b42494e4152595f4c4f434154494f4e7d5c225c6e656c73655c6e5c746563686f205c226572726f723a206e6f20646f776e6c6f616420746f6f6c20666f756e642c20706c6561736520696e7374616c6c206375726c2c2077676574206f722062757379626f7820776765745c225c6e5c746578697420315c6e66695c6e63686d6f64202b78202442494e4152595f4c4f434154494f4e5c6e6578706f727420434f4445525f4147454e545f415554483d5c22746f6b656e5c225c6e6578706f727420434f4445525f4147454e545f55524c3d5c22687474703a2f2f3139322e3136382e312e3134363a333233322f5c225c6e65786563202442494e4152595f4c4f434154494f4e206167656e74222c0a202020202020202020202020226f73223a20226c696e7578222c0a20202020202020202020202022737461727475705f736372697074223a2022636f64652d736572766572202d2d61757468206e6f6e65222c0a20202020202020202020202022746f6b656e223a202237363965646261312d626663662d343662662d613565382d306632353333643534663731220a202020202020202020207d2c0a202020202020202020202273656e7369746976655f61747472696275746573223a205b5d2c0a202020202020202020202270726976617465223a2022626e567362413d3d222c0a2020202020202020202022646570656e64656e63696573223a205b0a20202020202020202020202022646174612e636f6465725f70726f766973696f6e65722e6d65222c0a20202020202020202020202022646174612e636f6465725f776f726b73706163652e6d65220a202020202020202020205d0a20202020202020207d0a2020202020205d0a202020207d2c0a202020207b0a202020202020226d6f6465223a20226d616e61676564222c0a2020202020202274797065223a2022636f6465725f617070222c0a202020202020226e616d65223a2022636f64652d736572766572222c0a2020202020202270726f7669646572223a202270726f76696465725b5c2272656769737472792e7465727261666f726d2e696f2f636f6465722f636f6465725c225d222c0a20202020202022696e7374616e636573223a205b0a20202020202020207b0a2020202020202020202022736368656d615f76657273696f6e223a20302c0a202020202020202020202261747472696275746573223a207b0a202020202020202020202020226167656e745f6964223a202230393037646162392d313930392d346430332d626666642d393336613261303561323261222c0a20202020202020202020202022636f6d6d616e64223a206e756c6c2c0a202020202020202020202020226865616c7468636865636b223a205b0a20202020202020202020202020207b0a2020202020202020202020202020202022696e74657276616c223a20332c0a20202020202020202020202020202020227468726573686f6c64223a2031302c0a202020202020202020202020202020202275726c223a2022687474703a2f2f6c6f63616c686f73743a383038302f6865616c74687a220a20202020202020202020202020207d0a2020202020202020202020205d2c0a2020202020202020202020202269636f6e223a20222f69636f6e2f636f64652e737667222c0a202020202020202020202020226964223a202235663163326261332d366232362d343039632d393739302d646635366236326566636263222c0a202020202020202020202020226e616d65223a206e756c6c2c0a2020202020202020202020202272656c61746976655f70617468223a206e756c6c2c0a20202020202020202020202022737562646f6d61696e223a206e756c6c2c0a2020202020202020202020202275726c223a2022687474703a2f2f6c6f63616c686f73743a383038302f3f666f6c6465723d2f686f6d652f636f646572220a202020202020202020207d2c0a202020202020202020202273656e7369746976655f61747472696275746573223a205b5d2c0a202020202020202020202270726976617465223a2022626e567362413d3d222c0a2020202020202020202022646570656e64656e63696573223a205b0a20202020202020202020202022636f6465725f6167656e742e6d61696e222c0a20202020202020202020202022646174612e636f6465725f70726f766973696f6e65722e6d65222c0a20202020202020202020202022646174612e636f6465725f776f726b73706163652e6d65220a202020202020202020205d0a20202020202020207d0a2020202020205d0a202020207d2c0a202020207b0a202020202020226d6f6465223a20226d616e61676564222c0a2020202020202274797065223a2022646f636b65725f636f6e7461696e6572222c0a202020202020226e616d65223a2022776f726b7370616365222c0a2020202020202270726f7669646572223a202270726f76696465725b5c2272656769737472792e7465727261666f726d2e696f2f6b7265757a7765726b65722f646f636b65725c225d222c0a20202020202022696e7374616e636573223a205b0a20202020202020207b0a2020202020202020202022696e6465785f6b6579223a20302c0a2020202020202020202022736368656d615f76657273696f6e223a20322c0a202020202020202020202261747472696275746573223a207b0a20202020202020202020202022617474616368223a2066616c73652c0a20202020202020202020202022627269646765223a2022222c0a202020202020202020202020226361706162696c6974696573223a205b5d2c0a20202020202020202020202022636f6d6d616e64223a205b5d2c0a20202020202020202020202022636f6e7461696e65725f6c6f6773223a206e756c6c2c0a202020202020202020202020226370755f736574223a2022222c0a202020202020202020202020226370755f736861726573223a20302c0a2020202020202020202020202264657374726f795f67726163655f7365636f6e6473223a206e756c6c2c0a2020202020202020202020202264657669636573223a205b5d2c0a20202020202020202020202022646e73223a205b0a202020202020202020202020202022312e312e312e31220a2020202020202020202020205d2c0a20202020202020202020202022646e735f6f707473223a206e756c6c2c0a20202020202020202020202022646e735f736561726368223a206e756c6c2c0a20202020202020202020202022646f6d61696e6e616d65223a2022222c0a20202020202020202020202022656e747279706f696e74223a205b0a2020202020202020202020202020227368222c0a2020202020202020202020202020222d63222c0a20202020202020202020202020202223212f7573722f62696e2f656e762073685c6e736574202d65757820706970656661696c5c6e42494e4152595f4c4f434154494f4e3d24286d6b74656d70202d64202d7420746d702e636f646572585858585858292f636f6465725c6e42494e4152595f55524c3d687474703a2f2f3139322e3136382e312e3134363a333233322f62696e2f636f6465722d6c696e75782d616d6436345c6e6966207768696368206375726c205c75303033652f6465762f6e756c6c20325c75303033655c7530303236313b207468656e5c6e5c746375726c202d6673534c205c22247b42494e4152595f55524c7d5c22202d6f205c22247b42494e4152595f4c4f434154494f4e7d5c225c6e656c69662077686963682077676574205c75303033652f6465762f6e756c6c20325c75303033655c7530303236313b207468656e5c6e5c7477676574202d71205c22247b42494e4152595f55524c7d5c22202d4f205c22247b42494e4152595f4c4f434154494f4e7d5c225c6e656c69662077686963682062757379626f78205c75303033652f6465762f6e756c6c20325c75303033655c7530303236313b207468656e5c6e5c7462757379626f782077676574202d71205c22247b42494e4152595f55524c7d5c22202d4f205c22247b42494e4152595f4c4f434154494f4e7d5c225c6e656c73655c6e5c746563686f205c226572726f723a206e6f20646f776e6c6f616420746f6f6c20666f756e642c20706c6561736520696e7374616c6c206375726c2c2077676574206f722062757379626f7820776765745c225c6e5c746578697420315c6e66695c6e63686d6f64202b78202442494e4152595f4c4f434154494f4e5c6e6578706f727420434f4445525f4147454e545f415554483d5c22746f6b656e5c225c6e6578706f727420434f4445525f4147454e545f55524c3d5c22687474703a2f2f3139322e3136382e312e3134363a333233322f5c225c6e65786563202442494e4152595f4c4f434154494f4e206167656e74220a2020202020202020202020205d2c0a20202020202020202020202022656e76223a205b0a202020202020202020202020202022434f4445525f4147454e545f544f4b454e3d37363965646261312d626663662d343662662d613565382d306632353333643534663731220a2020202020202020202020205d2c0a20202020202020202020202022657869745f636f6465223a206e756c6c2c0a2020202020202020202020202267617465776179223a20223137322e31372e302e31222c0a2020202020202020202020202267707573223a206e756c6c2c0a2020202020202020202020202267726f75705f616464223a206e756c6c2c0a202020202020202020202020226865616c7468636865636b223a206e756c6c2c0a20202020202020202020202022686f7374223a205b0a20202020202020202020202020207b0a2020202020202020202020202020202022686f7374223a2022686f73742e646f636b65722e696e7465726e616c222c0a20202020202020202020202020202020226970223a2022686f73742d67617465776179220a20202020202020202020202020207d0a2020202020202020202020205d2c0a20202020202020202020202022686f73746e616d65223a20226d792d776f726b7370616365222c0a202020202020202020202020226964223a202261316666353336343732653965666464356564393064366161666332383636393739393636383030376162393338323335363761633038303636383232323434222c0a20202020202020202020202022696d616765223a20227368613235363a32663565366139303562653439366363373931306133643838613362646536343033333733616462623734323861326364346262303938346236343364373731222c0a20202020202020202020202022696e6974223a2066616c73652c0a2020202020202020202020202269705f61646472657373223a20223137322e31372e302e32222c0a2020202020202020202020202269705f7072656669785f6c656e677468223a2031362c0a202020202020202020202020226970635f6d6f6465223a202270726976617465222c0a202020202020202020202020226c6162656c73223a205b5d2c0a202020202020202020202020226c696e6b73223a206e756c6c2c0a202020202020202020202020226c6f675f647269766572223a20226a6f75726e616c64222c0a202020202020202020202020226c6f675f6f707473223a206e756c6c2c0a202020202020202020202020226c6f6773223a2066616c73652c0a202020202020202020202020226d61785f72657472795f636f756e74223a20302c0a202020202020202020202020226d656d6f7279223a20302c0a202020202020202020202020226d656d6f72795f73776170223a20302c0a202020202020202020202020226d6f756e7473223a205b5d2c0a202020202020202020202020226d7573745f72756e223a20747275652c0a202020202020202020202020226e616d65223a2022636f6465722d61646d696e2d6d792d776f726b7370616365222c0a202020202020202020202020226e6574776f726b5f616c696173223a206e756c6c2c0a202020202020202020202020226e6574776f726b5f64617461223a205b0a20202020202020202020202020207b0a202020202020202020202020202020202267617465776179223a20223137322e31372e302e31222c0a2020202020202020202020202020202022676c6f62616c5f697076365f61646472657373223a2022222c0a2020202020202020202020202020202022676c6f62616c5f697076365f7072656669785f6c656e677468223a20302c0a202020202020202020202020202020202269705f61646472657373223a20223137322e31372e302e32222c0a202020202020202020202020202020202269705f7072656669785f6c656e677468223a2031362c0a2020202020202020202020202020202022697076365f67617465776179223a2022222c0a20202020202020202020202020202020226e6574776f726b5f6e616d65223a2022627269646765220a20202020202020202020202020207d0a2020202020202020202020205d2c0a202020202020202020202020226e6574776f726b5f6d6f6465223a202264656661756c74222c0a202020202020202020202020226e6574776f726b73223a206e756c6c2c0a202020202020202020202020226e6574776f726b735f616476616e636564223a205b5d2c0a202020202020202020202020227069645f6d6f6465223a2022222c0a20202020202020202020202022706f727473223a205b5d2c0a2020202020202020202020202270726976696c65676564223a2066616c73652c0a202020202020202020202020227075626c6973685f616c6c5f706f727473223a2066616c73652c0a20202020202020202020202022726561645f6f6e6c79223a2066616c73652c0a2020202020202020202020202272656d6f76655f766f6c756d6573223a20747275652c0a2020202020202020202020202272657374617274223a20226e6f222c0a20202020202020202020202022726d223a2066616c73652c0a2020202020202020202020202272756e74696d65223a202272756e63222c0a2020202020202020202020202273656375726974795f6f707473223a205b5d2c0a2020202020202020202020202273686d5f73697a65223a2036342c0a202020202020202020202020227374617274223a20747275652c0a20202020202020202020202022737464696e5f6f70656e223a2066616c73652c0a2020202020202020202020202273746f705f7369676e616c223a2022222c0a2020202020202020202020202273746f705f74696d656f7574223a20302c0a2020202020202020202020202273746f726167655f6f707473223a206e756c6c2c0a2020202020202020202020202273797363746c73223a206e756c6c2c0a20202020202020202020202022746d706673223a206e756c6c2c0a20202020202020202020202022747479223a2066616c73652c0a20202020202020202020202022756c696d6974223a205b5d2c0a2020202020202020202020202275706c6f6164223a205b5d2c0a2020202020202020202020202275736572223a202231303030222c0a20202020202020202020202022757365726e735f6d6f6465223a2022222c0a20202020202020202020202022766f6c756d6573223a205b0a20202020202020202020202020207b0a2020202020202020202020202020202022636f6e7461696e65725f70617468223a20222f686f6d652f636f6465722f222c0a202020202020202020202020202020202266726f6d5f636f6e7461696e6572223a2022222c0a2020202020202020202020202020202022686f73745f70617468223a2022222c0a2020202020202020202020202020202022726561645f6f6e6c79223a2066616c73652c0a2020202020202020202020202020202022766f6c756d655f6e616d65223a2022636f6465722d61646d696e2d6d792d776f726b73706163652d726f6f74220a20202020202020202020202020207d0a2020202020202020202020205d2c0a20202020202020202020202022776f726b696e675f646972223a20222f686f6d652f636f646572220a202020202020202020207d2c0a202020202020202020202273656e7369746976655f61747472696275746573223a205b0a2020202020202020202020205b0a20202020202020202020202020207b0a202020202020202020202020202020202274797065223a20226765745f61747472222c0a202020202020202020202020202020202276616c7565223a2022656e76220a20202020202020202020202020207d0a2020202020202020202020205d0a202020202020202020205d2c0a202020202020202020202270726976617465223a202265794a7a5932686c62574666646d567963326c7662694936496a496966513d3d222c0a2020202020202020202022646570656e64656e63696573223a205b0a20202020202020202020202022636f6465725f6167656e742e6d61696e222c0a20202020202020202020202022646174612e636f6465725f70726f766973696f6e65722e6d65222c0a20202020202020202020202022646174612e636f6465725f776f726b73706163652e6d65222c0a20202020202020202020202022646f636b65725f766f6c756d652e686f6d655f766f6c756d65220a202020202020202020205d0a20202020202020207d0a2020202020205d0a202020207d2c0a202020207b0a202020202020226d6f6465223a20226d616e61676564222c0a2020202020202274797065223a2022646f636b65725f766f6c756d65222c0a202020202020226e616d65223a2022686f6d655f766f6c756d65222c0a2020202020202270726f7669646572223a202270726f76696465725b5c2272656769737472792e7465727261666f726d2e696f2f6b7265757a7765726b65722f646f636b65725c225d222c0a20202020202022696e7374616e636573223a205b0a20202020202020207b0a2020202020202020202022736368656d615f76657273696f6e223a20312c0a202020202020202020202261747472696275746573223a207b0a20202020202020202020202022647269766572223a20226c6f63616c222c0a202020202020202020202020226472697665725f6f707473223a206e756c6c2c0a202020202020202020202020226964223a2022636f6465722d61646d696e2d6d792d776f726b73706163652d726f6f74222c0a202020202020202020202020226c6162656c73223a205b5d2c0a202020202020202020202020226d6f756e74706f696e74223a20222f7661722f6c69622f646f636b65722f766f6c756d65732f636f6465722d61646d696e2d6d792d776f726b73706163652d726f6f742f5f64617461222c0a202020202020202020202020226e616d65223a2022636f6465722d61646d696e2d6d792d776f726b73706163652d726f6f74220a202020202020202020207d2c0a202020202020202020202273656e7369746976655f61747472696275746573223a205b5d2c0a202020202020202020202270726976617465223a202265794a7a5932686c62574666646d567963326c7662694936496a456966513d3d222c0a2020202020202020202022646570656e64656e63696573223a205b0a20202020202020202020202022646174612e636f6465725f776f726b73706163652e6d65220a202020202020202020205d0a20202020202020207d0a2020202020205d0a202020207d0a20205d0a7d0a0a', '52a90399-a53d-4644-be3c-47ee18a5716e', '2022-11-02 21:04:22.82111+02') ON CONFLICT DO NOTHING;
INSERT INTO workspace_builds VALUES ('ea36844d-8eb6-41a2-a237-e9a8ae3f99ea', '2022-11-02 13:04:48.073344+02', '2022-11-02 13:04:51.504141+02', '3a9a1feb-e89d-457c-9d53-ac751b198ebe', '920baba5-4c64-4686-8b7d-d1bef5683eae', 'vigorous_matsumoto6', 2, 'stop', '30095c71-380b-457a-8995-97b8ee6e5307', '\x7b0a20202276657273696f6e223a20342c0a2020227465727261666f726d5f76657273696f6e223a2022312e322e38222c0a20202273657269616c223a20372c0a2020226c696e65616765223a202230633238626130332d623932322d333431342d353766642d656631336166333061373662222c0a2020226f757470757473223a207b7d2c0a2020227265736f7572636573223a205b0a202020207b0a202020202020226d6f6465223a202264617461222c0a2020202020202274797065223a2022636f6465725f70726f766973696f6e6572222c0a202020202020226e616d65223a20226d65222c0a2020202020202270726f7669646572223a202270726f76696465725b5c2272656769737472792e7465727261666f726d2e696f2f636f6465722f636f6465725c225d222c0a20202020202022696e7374616e636573223a205b0a20202020202020207b0a2020202020202020202022736368656d615f76657273696f6e223a20302c0a202020202020202020202261747472696275746573223a207b0a2020202020202020202020202261726368223a2022616d643634222c0a202020202020202020202020226964223a202236396438633234372d613463632d346465362d383663302d636530373332353533313661222c0a202020202020202020202020226f73223a20226c696e7578220a202020202020202020207d2c0a202020202020202020202273656e7369746976655f61747472696275746573223a205b5d0a20202020202020207d0a2020202020205d0a202020207d2c0a202020207b0a202020202020226d6f6465223a202264617461222c0a2020202020202274797065223a2022636f6465725f776f726b7370616365222c0a202020202020226e616d65223a20226d65222c0a2020202020202270726f7669646572223a202270726f76696465725b5c2272656769737472792e7465727261666f726d2e696f2f636f6465722f636f6465725c225d222c0a20202020202022696e7374616e636573223a205b0a20202020202020207b0a2020202020202020202022736368656d615f76657273696f6e223a20302c0a202020202020202020202261747472696275746573223a207b0a202020202020202020202020226163636573735f706f7274223a20333233322c0a202020202020202020202020226163636573735f75726c223a2022687474703a2f2f3139322e3136382e312e3134363a33323332222c0a202020202020202020202020226964223a202233613961316665622d653839642d343537632d396435332d616337353162313938656265222c0a202020202020202020202020226e616d65223a20226d792d776f726b7370616365222c0a202020202020202020202020226f776e6572223a202261646d696e222c0a202020202020202020202020226f776e65725f656d61696c223a2022222c0a202020202020202020202020226f776e65725f6964223a202233303039356337312d333830622d343537612d383939352d393762386565366535333037222c0a2020202020202020202020202273746172745f636f756e74223a20302c0a202020202020202020202020227472616e736974696f6e223a202273746f70220a202020202020202020207d2c0a202020202020202020202273656e7369746976655f61747472696275746573223a205b5d0a20202020202020207d0a2020202020205d0a202020207d2c0a202020207b0a202020202020226d6f6465223a20226d616e61676564222c0a2020202020202274797065223a2022636f6465725f6167656e74222c0a202020202020226e616d65223a20226d61696e222c0a2020202020202270726f7669646572223a202270726f76696465725b5c2272656769737472792e7465727261666f726d2e696f2f636f6465722f636f6465725c225d222c0a20202020202022696e7374616e636573223a205b0a20202020202020207b0a2020202020202020202022736368656d615f76657273696f6e223a20302c0a202020202020202020202261747472696275746573223a207b0a2020202020202020202020202261726368223a2022616d643634222c0a2020202020202020202020202261757468223a2022746f6b656e222c0a20202020202020202020202022646972223a206e756c6c2c0a20202020202020202020202022656e76223a207b0a2020202020202020202020202020224749545f415554484f525f454d41494c223a2022222c0a2020202020202020202020202020224749545f415554484f525f4e414d45223a202261646d696e222c0a2020202020202020202020202020224749545f434f4d4d49545445525f454d41494c223a2022222c0a2020202020202020202020202020224749545f434f4d4d49545445525f4e414d45223a202261646d696e220a2020202020202020202020207d2c0a202020202020202020202020226964223a202230393037646162392d313930392d346430332d626666642d393336613261303561323261222c0a20202020202020202020202022696e69745f736372697074223a202223212f7573722f62696e2f656e762073685c6e736574202d65757820706970656661696c5c6e42494e4152595f4c4f434154494f4e3d24286d6b74656d70202d64202d7420746d702e636f646572585858585858292f636f6465725c6e42494e4152595f55524c3d687474703a2f2f3139322e3136382e312e3134363a333233322f62696e2f636f6465722d6c696e75782d616d6436345c6e6966207768696368206375726c205c75303033652f6465762f6e756c6c20325c75303033655c7530303236313b207468656e5c6e5c746375726c202d6673534c205c22247b42494e4152595f55524c7d5c22202d6f205c22247b42494e4152595f4c4f434154494f4e7d5c225c6e656c69662077686963682077676574205c75303033652f6465762f6e756c6c20325c75303033655c7530303236313b207468656e5c6e5c7477676574202d71205c22247b42494e4152595f55524c7d5c22202d4f205c22247b42494e4152595f4c4f434154494f4e7d5c225c6e656c69662077686963682062757379626f78205c75303033652f6465762f6e756c6c20325c75303033655c7530303236313b207468656e5c6e5c7462757379626f782077676574202d71205c22247b42494e4152595f55524c7d5c22202d4f205c22247b42494e4152595f4c4f434154494f4e7d5c225c6e656c73655c6e5c746563686f205c226572726f723a206e6f20646f776e6c6f616420746f6f6c20666f756e642c20706c6561736520696e7374616c6c206375726c2c2077676574206f722062757379626f7820776765745c225c6e5c746578697420315c6e66695c6e63686d6f64202b78202442494e4152595f4c4f434154494f4e5c6e6578706f727420434f4445525f4147454e545f415554483d5c22746f6b656e5c225c6e6578706f727420434f4445525f4147454e545f55524c3d5c22687474703a2f2f3139322e3136382e312e3134363a333233322f5c225c6e65786563202442494e4152595f4c4f434154494f4e206167656e74222c0a202020202020202020202020226f73223a20226c696e7578222c0a20202020202020202020202022737461727475705f736372697074223a2022636f64652d736572766572202d2d61757468206e6f6e65222c0a20202020202020202020202022746f6b656e223a202263653730353961352d633637622d343163372d616330302d666266643630646637356465220a202020202020202020207d2c0a202020202020202020202273656e7369746976655f61747472696275746573223a205b5d2c0a202020202020202020202270726976617465223a2022626e567362413d3d222c0a2020202020202020202022646570656e64656e63696573223a205b0a20202020202020202020202022646174612e636f6465725f70726f766973696f6e65722e6d65222c0a20202020202020202020202022646174612e636f6465725f776f726b73706163652e6d65220a202020202020202020205d0a20202020202020207d0a2020202020205d0a202020207d2c0a202020207b0a202020202020226d6f6465223a20226d616e61676564222c0a2020202020202274797065223a2022636f6465725f617070222c0a202020202020226e616d65223a2022636f64652d736572766572222c0a2020202020202270726f7669646572223a202270726f76696465725b5c2272656769737472792e7465727261666f726d2e696f2f636f6465722f636f6465725c225d222c0a20202020202022696e7374616e636573223a205b0a20202020202020207b0a2020202020202020202022736368656d615f76657273696f6e223a20302c0a202020202020202020202261747472696275746573223a207b0a202020202020202020202020226167656e745f6964223a202230393037646162392d313930392d346430332d626666642d393336613261303561323261222c0a20202020202020202020202022636f6d6d616e64223a206e756c6c2c0a202020202020202020202020226865616c7468636865636b223a205b0a20202020202020202020202020207b0a2020202020202020202020202020202022696e74657276616c223a20332c0a20202020202020202020202020202020227468726573686f6c64223a2031302c0a202020202020202020202020202020202275726c223a2022687474703a2f2f6c6f63616c686f73743a383038302f6865616c74687a220a20202020202020202020202020207d0a2020202020202020202020205d2c0a2020202020202020202020202269636f6e223a20222f69636f6e2f636f64652e737667222c0a202020202020202020202020226964223a202235663163326261332d366232362d343039632d393739302d646635366236326566636263222c0a202020202020202020202020226e616d65223a206e756c6c2c0a2020202020202020202020202272656c61746976655f70617468223a206e756c6c2c0a20202020202020202020202022737562646f6d61696e223a206e756c6c2c0a2020202020202020202020202275726c223a2022687474703a2f2f6c6f63616c686f73743a383038302f3f666f6c6465723d2f686f6d652f636f646572220a202020202020202020207d2c0a202020202020202020202273656e7369746976655f61747472696275746573223a205b5d2c0a202020202020202020202270726976617465223a2022626e567362413d3d222c0a2020202020202020202022646570656e64656e63696573223a205b0a20202020202020202020202022636f6465725f6167656e742e6d61696e222c0a20202020202020202020202022646174612e636f6465725f70726f766973696f6e65722e6d65222c0a20202020202020202020202022646174612e636f6465725f776f726b73706163652e6d65220a202020202020202020205d0a20202020202020207d0a2020202020205d0a202020207d2c0a202020207b0a202020202020226d6f6465223a20226d616e61676564222c0a2020202020202274797065223a2022646f636b65725f766f6c756d65222c0a202020202020226e616d65223a2022686f6d655f766f6c756d65222c0a2020202020202270726f7669646572223a202270726f76696465725b5c2272656769737472792e7465727261666f726d2e696f2f6b7265757a7765726b65722f646f636b65725c225d222c0a20202020202022696e7374616e636573223a205b0a20202020202020207b0a2020202020202020202022736368656d615f76657273696f6e223a20312c0a202020202020202020202261747472696275746573223a207b0a20202020202020202020202022647269766572223a20226c6f63616c222c0a202020202020202020202020226472697665725f6f707473223a207b7d2c0a202020202020202020202020226964223a2022636f6465722d61646d696e2d6d792d776f726b73706163652d726f6f74222c0a202020202020202020202020226c6162656c73223a205b5d2c0a202020202020202020202020226d6f756e74706f696e74223a20222f7661722f6c69622f646f636b65722f766f6c756d65732f636f6465722d61646d696e2d6d792d776f726b73706163652d726f6f742f5f64617461222c0a202020202020202020202020226e616d65223a2022636f6465722d61646d696e2d6d792d776f726b73706163652d726f6f74220a202020202020202020207d2c0a202020202020202020202273656e7369746976655f61747472696275746573223a205b5d2c0a202020202020202020202270726976617465223a202265794a7a5932686c62574666646d567963326c7662694936496a456966513d3d222c0a2020202020202020202022646570656e64656e63696573223a205b0a20202020202020202020202022646174612e636f6465725f776f726b73706163652e6d65220a202020202020202020205d0a20202020202020207d0a2020202020205d0a202020207d0a20205d0a7d0a0a', '104c5815-7bd2-4d09-b76c-00c61b95f0a6', '2022-11-02 21:04:51.504141+02') ON CONFLICT DO NOTHING;
INSERT INTO workspace_builds VALUES ('c1d2c9d5-6f30-4cd0-9ac5-6bf1c6039988', '2022-11-02 13:04:55.224578+02', '2022-11-02 13:04:58.762449+02', '3a9a1feb-e89d-457c-9d53-ac751b198ebe', '920baba5-4c64-4686-8b7d-d1bef5683eae', 'romantic_johnson8', 3, 'start', '30095c71-380b-457a-8995-97b8ee6e5307', '\x7b0a20202276657273696f6e223a20342c0a2020227465727261666f726d5f76657273696f6e223a2022312e322e38222c0a20202273657269616c223a20392c0a2020226c696e65616765223a202230633238626130332d623932322d333431342d353766642d656631336166333061373662222c0a2020226f757470757473223a207b7d2c0a2020227265736f7572636573223a205b0a202020207b0a202020202020226d6f6465223a202264617461222c0a2020202020202274797065223a2022636f6465725f70726f766973696f6e6572222c0a202020202020226e616d65223a20226d65222c0a2020202020202270726f7669646572223a202270726f76696465725b5c2272656769737472792e7465727261666f726d2e696f2f636f6465722f636f6465725c225d222c0a20202020202022696e7374616e636573223a205b0a20202020202020207b0a2020202020202020202022736368656d615f76657273696f6e223a20302c0a202020202020202020202261747472696275746573223a207b0a2020202020202020202020202261726368223a2022616d643634222c0a202020202020202020202020226964223a202262363561373637662d373139612d343838332d613138362d616562316163303563623235222c0a202020202020202020202020226f73223a20226c696e7578220a202020202020202020207d2c0a202020202020202020202273656e7369746976655f61747472696275746573223a205b5d0a20202020202020207d0a2020202020205d0a202020207d2c0a202020207b0a202020202020226d6f6465223a202264617461222c0a2020202020202274797065223a2022636f6465725f776f726b7370616365222c0a202020202020226e616d65223a20226d65222c0a2020202020202270726f7669646572223a202270726f76696465725b5c2272656769737472792e7465727261666f726d2e696f2f636f6465722f636f6465725c225d222c0a20202020202022696e7374616e636573223a205b0a20202020202020207b0a2020202020202020202022736368656d615f76657273696f6e223a20302c0a202020202020202020202261747472696275746573223a207b0a202020202020202020202020226163636573735f706f7274223a20333233322c0a202020202020202020202020226163636573735f75726c223a2022687474703a2f2f3139322e3136382e312e3134363a33323332222c0a202020202020202020202020226964223a202233613961316665622d653839642d343537632d396435332d616337353162313938656265222c0a202020202020202020202020226e616d65223a20226d792d776f726b7370616365222c0a202020202020202020202020226f776e6572223a202261646d696e222c0a202020202020202020202020226f776e65725f656d61696c223a2022222c0a202020202020202020202020226f776e65725f6964223a202233303039356337312d333830622d343537612d383939352d393762386565366535333037222c0a2020202020202020202020202273746172745f636f756e74223a20312c0a202020202020202020202020227472616e736974696f6e223a20227374617274220a202020202020202020207d2c0a202020202020202020202273656e7369746976655f61747472696275746573223a205b5d0a20202020202020207d0a2020202020205d0a202020207d2c0a202020207b0a202020202020226d6f6465223a20226d616e61676564222c0a2020202020202274797065223a2022636f6465725f6167656e74222c0a202020202020226e616d65223a20226d61696e222c0a2020202020202270726f7669646572223a202270726f76696465725b5c2272656769737472792e7465727261666f726d2e696f2f636f6465722f636f6465725c225d222c0a20202020202022696e7374616e636573223a205b0a20202020202020207b0a2020202020202020202022736368656d615f76657273696f6e223a20302c0a202020202020202020202261747472696275746573223a207b0a2020202020202020202020202261726368223a2022616d643634222c0a2020202020202020202020202261757468223a2022746f6b656e222c0a20202020202020202020202022646972223a206e756c6c2c0a20202020202020202020202022656e76223a207b0a2020202020202020202020202020224749545f415554484f525f454d41494c223a2022222c0a2020202020202020202020202020224749545f415554484f525f4e414d45223a202261646d696e222c0a2020202020202020202020202020224749545f434f4d4d49545445525f454d41494c223a2022222c0a2020202020202020202020202020224749545f434f4d4d49545445525f4e414d45223a202261646d696e220a2020202020202020202020207d2c0a202020202020202020202020226964223a202230393037646162392d313930392d346430332d626666642d393336613261303561323261222c0a20202020202020202020202022696e69745f736372697074223a202223212f7573722f62696e2f656e762073685c6e736574202d65757820706970656661696c5c6e42494e4152595f4c4f434154494f4e3d24286d6b74656d70202d64202d7420746d702e636f646572585858585858292f636f6465725c6e42494e4152595f55524c3d687474703a2f2f3139322e3136382e312e3134363a333233322f62696e2f636f6465722d6c696e75782d616d6436345c6e6966207768696368206375726c205c75303033652f6465762f6e756c6c20325c75303033655c7530303236313b207468656e5c6e5c746375726c202d6673534c205c22247b42494e4152595f55524c7d5c22202d6f205c22247b42494e4152595f4c4f434154494f4e7d5c225c6e656c69662077686963682077676574205c75303033652f6465762f6e756c6c20325c75303033655c7530303236313b207468656e5c6e5c7477676574202d71205c22247b42494e4152595f55524c7d5c22202d4f205c22247b42494e4152595f4c4f434154494f4e7d5c225c6e656c69662077686963682062757379626f78205c75303033652f6465762f6e756c6c20325c75303033655c7530303236313b207468656e5c6e5c7462757379626f782077676574202d71205c22247b42494e4152595f55524c7d5c22202d4f205c22247b42494e4152595f4c4f434154494f4e7d5c225c6e656c73655c6e5c746563686f205c226572726f723a206e6f20646f776e6c6f616420746f6f6c20666f756e642c20706c6561736520696e7374616c6c206375726c2c2077676574206f722062757379626f7820776765745c225c6e5c746578697420315c6e66695c6e63686d6f64202b78202442494e4152595f4c4f434154494f4e5c6e6578706f727420434f4445525f4147454e545f415554483d5c22746f6b656e5c225c6e6578706f727420434f4445525f4147454e545f55524c3d5c22687474703a2f2f3139322e3136382e312e3134363a333233322f5c225c6e65786563202442494e4152595f4c4f434154494f4e206167656e74222c0a202020202020202020202020226f73223a20226c696e7578222c0a20202020202020202020202022737461727475705f736372697074223a2022636f64652d736572766572202d2d61757468206e6f6e65222c0a20202020202020202020202022746f6b656e223a202265613731633136612d636639332d346334352d613166642d313030666330333435323866220a202020202020202020207d2c0a202020202020202020202273656e7369746976655f61747472696275746573223a205b5d2c0a202020202020202020202270726976617465223a2022626e567362413d3d222c0a2020202020202020202022646570656e64656e63696573223a205b0a20202020202020202020202022646174612e636f6465725f70726f766973696f6e65722e6d65222c0a20202020202020202020202022646174612e636f6465725f776f726b73706163652e6d65220a202020202020202020205d0a20202020202020207d0a2020202020205d0a202020207d2c0a202020207b0a202020202020226d6f6465223a20226d616e61676564222c0a2020202020202274797065223a2022636f6465725f617070222c0a202020202020226e616d65223a2022636f64652d736572766572222c0a2020202020202270726f7669646572223a202270726f76696465725b5c2272656769737472792e7465727261666f726d2e696f2f636f6465722f636f6465725c225d222c0a20202020202022696e7374616e636573223a205b0a20202020202020207b0a2020202020202020202022736368656d615f76657273696f6e223a20302c0a202020202020202020202261747472696275746573223a207b0a202020202020202020202020226167656e745f6964223a202230393037646162392d313930392d346430332d626666642d393336613261303561323261222c0a20202020202020202020202022636f6d6d616e64223a206e756c6c2c0a202020202020202020202020226865616c7468636865636b223a205b0a20202020202020202020202020207b0a2020202020202020202020202020202022696e74657276616c223a20332c0a20202020202020202020202020202020227468726573686f6c64223a2031302c0a202020202020202020202020202020202275726c223a2022687474703a2f2f6c6f63616c686f73743a383038302f6865616c74687a220a20202020202020202020202020207d0a2020202020202020202020205d2c0a2020202020202020202020202269636f6e223a20222f69636f6e2f636f64652e737667222c0a202020202020202020202020226964223a202235663163326261332d366232362d343039632d393739302d646635366236326566636263222c0a202020202020202020202020226e616d65223a206e756c6c2c0a2020202020202020202020202272656c61746976655f70617468223a206e756c6c2c0a20202020202020202020202022737562646f6d61696e223a206e756c6c2c0a2020202020202020202020202275726c223a2022687474703a2f2f6c6f63616c686f73743a383038302f3f666f6c6465723d2f686f6d652f636f646572220a202020202020202020207d2c0a202020202020202020202273656e7369746976655f61747472696275746573223a205b5d2c0a202020202020202020202270726976617465223a2022626e567362413d3d222c0a2020202020202020202022646570656e64656e63696573223a205b0a20202020202020202020202022636f6465725f6167656e742e6d61696e222c0a20202020202020202020202022646174612e636f6465725f70726f766973696f6e65722e6d65222c0a20202020202020202020202022646174612e636f6465725f776f726b73706163652e6d65220a202020202020202020205d0a20202020202020207d0a2020202020205d0a202020207d2c0a202020207b0a202020202020226d6f6465223a20226d616e61676564222c0a2020202020202274797065223a2022646f636b65725f636f6e7461696e6572222c0a202020202020226e616d65223a2022776f726b7370616365222c0a2020202020202270726f7669646572223a202270726f76696465725b5c2272656769737472792e7465727261666f726d2e696f2f6b7265757a7765726b65722f646f636b65725c225d222c0a20202020202022696e7374616e636573223a205b0a20202020202020207b0a2020202020202020202022696e6465785f6b6579223a20302c0a2020202020202020202022736368656d615f76657273696f6e223a20322c0a202020202020202020202261747472696275746573223a207b0a20202020202020202020202022617474616368223a2066616c73652c0a20202020202020202020202022627269646765223a2022222c0a202020202020202020202020226361706162696c6974696573223a205b5d2c0a20202020202020202020202022636f6d6d616e64223a205b5d2c0a20202020202020202020202022636f6e7461696e65725f6c6f6773223a206e756c6c2c0a202020202020202020202020226370755f736574223a2022222c0a202020202020202020202020226370755f736861726573223a20302c0a2020202020202020202020202264657374726f795f67726163655f7365636f6e6473223a206e756c6c2c0a2020202020202020202020202264657669636573223a205b5d2c0a20202020202020202020202022646e73223a205b0a202020202020202020202020202022312e312e312e31220a2020202020202020202020205d2c0a20202020202020202020202022646e735f6f707473223a206e756c6c2c0a20202020202020202020202022646e735f736561726368223a206e756c6c2c0a20202020202020202020202022646f6d61696e6e616d65223a2022222c0a20202020202020202020202022656e747279706f696e74223a205b0a2020202020202020202020202020227368222c0a2020202020202020202020202020222d63222c0a20202020202020202020202020202223212f7573722f62696e2f656e762073685c6e736574202d65757820706970656661696c5c6e42494e4152595f4c4f434154494f4e3d24286d6b74656d70202d64202d7420746d702e636f646572585858585858292f636f6465725c6e42494e4152595f55524c3d687474703a2f2f3139322e3136382e312e3134363a333233322f62696e2f636f6465722d6c696e75782d616d6436345c6e6966207768696368206375726c205c75303033652f6465762f6e756c6c20325c75303033655c7530303236313b207468656e5c6e5c746375726c202d6673534c205c22247b42494e4152595f55524c7d5c22202d6f205c22247b42494e4152595f4c4f434154494f4e7d5c225c6e656c69662077686963682077676574205c75303033652f6465762f6e756c6c20325c75303033655c7530303236313b207468656e5c6e5c7477676574202d71205c22247b42494e4152595f55524c7d5c22202d4f205c22247b42494e4152595f4c4f434154494f4e7d5c225c6e656c69662077686963682062757379626f78205c75303033652f6465762f6e756c6c20325c75303033655c7530303236313b207468656e5c6e5c7462757379626f782077676574202d71205c22247b42494e4152595f55524c7d5c22202d4f205c22247b42494e4152595f4c4f434154494f4e7d5c225c6e656c73655c6e5c746563686f205c226572726f723a206e6f20646f776e6c6f616420746f6f6c20666f756e642c20706c6561736520696e7374616c6c206375726c2c2077676574206f722062757379626f7820776765745c225c6e5c746578697420315c6e66695c6e63686d6f64202b78202442494e4152595f4c4f434154494f4e5c6e6578706f727420434f4445525f4147454e545f415554483d5c22746f6b656e5c225c6e6578706f727420434f4445525f4147454e545f55524c3d5c22687474703a2f2f3139322e3136382e312e3134363a333233322f5c225c6e65786563202442494e4152595f4c4f434154494f4e206167656e74220a2020202020202020202020205d2c0a20202020202020202020202022656e76223a205b0a202020202020202020202020202022434f4445525f4147454e545f544f4b454e3d65613731633136612d636639332d346334352d613166642d313030666330333435323866220a2020202020202020202020205d2c0a20202020202020202020202022657869745f636f6465223a206e756c6c2c0a2020202020202020202020202267617465776179223a20223137322e31372e302e31222c0a2020202020202020202020202267707573223a206e756c6c2c0a2020202020202020202020202267726f75705f616464223a206e756c6c2c0a202020202020202020202020226865616c7468636865636b223a206e756c6c2c0a20202020202020202020202022686f7374223a205b0a20202020202020202020202020207b0a2020202020202020202020202020202022686f7374223a2022686f73742e646f636b65722e696e7465726e616c222c0a20202020202020202020202020202020226970223a2022686f73742d67617465776179220a20202020202020202020202020207d0a2020202020202020202020205d2c0a20202020202020202020202022686f73746e616d65223a20226d792d776f726b7370616365222c0a202020202020202020202020226964223a202264623461656364653635376231323639333965386261643431326239353333313463643133313666653762336633643036313230336430613731653033376538222c0a20202020202020202020202022696d616765223a20227368613235363a32663565366139303562653439366363373931306133643838613362646536343033333733616462623734323861326364346262303938346236343364373731222c0a20202020202020202020202022696e6974223a2066616c73652c0a2020202020202020202020202269705f61646472657373223a20223137322e31372e302e32222c0a2020202020202020202020202269705f7072656669785f6c656e677468223a2031362c0a202020202020202020202020226970635f6d6f6465223a202270726976617465222c0a202020202020202020202020226c6162656c73223a205b5d2c0a202020202020202020202020226c696e6b73223a206e756c6c2c0a202020202020202020202020226c6f675f647269766572223a20226a6f75726e616c64222c0a202020202020202020202020226c6f675f6f707473223a206e756c6c2c0a202020202020202020202020226c6f6773223a2066616c73652c0a202020202020202020202020226d61785f72657472795f636f756e74223a20302c0a202020202020202020202020226d656d6f7279223a20302c0a202020202020202020202020226d656d6f72795f73776170223a20302c0a202020202020202020202020226d6f756e7473223a205b5d2c0a202020202020202020202020226d7573745f72756e223a20747275652c0a202020202020202020202020226e616d65223a2022636f6465722d61646d696e2d6d792d776f726b7370616365222c0a202020202020202020202020226e6574776f726b5f616c696173223a206e756c6c2c0a202020202020202020202020226e6574776f726b5f64617461223a205b0a20202020202020202020202020207b0a202020202020202020202020202020202267617465776179223a20223137322e31372e302e31222c0a2020202020202020202020202020202022676c6f62616c5f697076365f61646472657373223a2022222c0a2020202020202020202020202020202022676c6f62616c5f697076365f7072656669785f6c656e677468223a20302c0a202020202020202020202020202020202269705f61646472657373223a20223137322e31372e302e32222c0a202020202020202020202020202020202269705f7072656669785f6c656e677468223a2031362c0a2020202020202020202020202020202022697076365f67617465776179223a2022222c0a20202020202020202020202020202020226e6574776f726b5f6e616d65223a2022627269646765220a20202020202020202020202020207d0a2020202020202020202020205d2c0a202020202020202020202020226e6574776f726b5f6d6f6465223a202264656661756c74222c0a202020202020202020202020226e6574776f726b73223a206e756c6c2c0a202020202020202020202020226e6574776f726b735f616476616e636564223a205b5d2c0a202020202020202020202020227069645f6d6f6465223a2022222c0a20202020202020202020202022706f727473223a205b5d2c0a2020202020202020202020202270726976696c65676564223a2066616c73652c0a202020202020202020202020227075626c6973685f616c6c5f706f727473223a2066616c73652c0a20202020202020202020202022726561645f6f6e6c79223a2066616c73652c0a2020202020202020202020202272656d6f76655f766f6c756d6573223a20747275652c0a2020202020202020202020202272657374617274223a20226e6f222c0a20202020202020202020202022726d223a2066616c73652c0a2020202020202020202020202272756e74696d65223a202272756e63222c0a2020202020202020202020202273656375726974795f6f707473223a205b5d2c0a2020202020202020202020202273686d5f73697a65223a2036342c0a202020202020202020202020227374617274223a20747275652c0a20202020202020202020202022737464696e5f6f70656e223a2066616c73652c0a2020202020202020202020202273746f705f7369676e616c223a2022222c0a2020202020202020202020202273746f705f74696d656f7574223a20302c0a2020202020202020202020202273746f726167655f6f707473223a206e756c6c2c0a2020202020202020202020202273797363746c73223a206e756c6c2c0a20202020202020202020202022746d706673223a206e756c6c2c0a20202020202020202020202022747479223a2066616c73652c0a20202020202020202020202022756c696d6974223a205b5d2c0a2020202020202020202020202275706c6f6164223a205b5d2c0a2020202020202020202020202275736572223a202231303030222c0a20202020202020202020202022757365726e735f6d6f6465223a2022222c0a20202020202020202020202022766f6c756d6573223a205b0a20202020202020202020202020207b0a2020202020202020202020202020202022636f6e7461696e65725f70617468223a20222f686f6d652f636f6465722f222c0a202020202020202020202020202020202266726f6d5f636f6e7461696e6572223a2022222c0a2020202020202020202020202020202022686f73745f70617468223a2022222c0a2020202020202020202020202020202022726561645f6f6e6c79223a2066616c73652c0a2020202020202020202020202020202022766f6c756d655f6e616d65223a2022636f6465722d61646d696e2d6d792d776f726b73706163652d726f6f74220a20202020202020202020202020207d0a2020202020202020202020205d2c0a20202020202020202020202022776f726b696e675f646972223a20222f686f6d652f636f646572220a202020202020202020207d2c0a202020202020202020202273656e7369746976655f61747472696275746573223a205b0a2020202020202020202020205b0a20202020202020202020202020207b0a202020202020202020202020202020202274797065223a20226765745f61747472222c0a202020202020202020202020202020202276616c7565223a2022656e76220a20202020202020202020202020207d0a2020202020202020202020205d0a202020202020202020205d2c0a202020202020202020202270726976617465223a202265794a7a5932686c62574666646d567963326c7662694936496a496966513d3d222c0a2020202020202020202022646570656e64656e63696573223a205b0a20202020202020202020202022636f6465725f6167656e742e6d61696e222c0a20202020202020202020202022646174612e636f6465725f776f726b73706163652e6d65222c0a20202020202020202020202022646f636b65725f766f6c756d652e686f6d655f766f6c756d65220a202020202020202020205d0a20202020202020207d0a2020202020205d0a202020207d2c0a202020207b0a202020202020226d6f6465223a20226d616e61676564222c0a2020202020202274797065223a2022646f636b65725f766f6c756d65222c0a202020202020226e616d65223a2022686f6d655f766f6c756d65222c0a2020202020202270726f7669646572223a202270726f76696465725b5c2272656769737472792e7465727261666f726d2e696f2f6b7265757a7765726b65722f646f636b65725c225d222c0a20202020202022696e7374616e636573223a205b0a20202020202020207b0a2020202020202020202022736368656d615f76657273696f6e223a20312c0a202020202020202020202261747472696275746573223a207b0a20202020202020202020202022647269766572223a20226c6f63616c222c0a202020202020202020202020226472697665725f6f707473223a207b7d2c0a202020202020202020202020226964223a2022636f6465722d61646d696e2d6d792d776f726b73706163652d726f6f74222c0a202020202020202020202020226c6162656c73223a205b5d2c0a202020202020202020202020226d6f756e74706f696e74223a20222f7661722f6c69622f646f636b65722f766f6c756d65732f636f6465722d61646d696e2d6d792d776f726b73706163652d726f6f742f5f64617461222c0a202020202020202020202020226e616d65223a2022636f6465722d61646d696e2d6d792d776f726b73706163652d726f6f74220a202020202020202020207d2c0a202020202020202020202273656e7369746976655f61747472696275746573223a205b5d2c0a202020202020202020202270726976617465223a202265794a7a5932686c62574666646d567963326c7662694936496a456966513d3d222c0a2020202020202020202022646570656e64656e63696573223a205b0a20202020202020202020202022646174612e636f6465725f776f726b73706163652e6d65220a202020202020202020205d0a20202020202020207d0a2020202020205d0a202020207d0a20205d0a7d0a0a', 'd6ec4737-feaa-446e-aa14-8b2b98b59bf9', '2022-11-02 21:04:58.762449+02') ON CONFLICT DO NOTHING;
INSERT INTO workspace_builds VALUES ('c7c0a371-db1e-4f10-ab34-6779f573554c', '2022-11-02 13:05:40.181124+02', '2022-11-02 13:05:43.876957+02', 'b90547be-8870-4d68-8184-e8b2242b7c01', '920baba5-4c64-4686-8b7d-d1bef5683eae', 'vigilant_shtern5', 1, 'start', '0ed9befc-4911-4ccf-a8e2-559bf72daa94', '\x7b0a20202276657273696f6e223a20342c0a2020227465727261666f726d5f76657273696f6e223a2022312e322e38222c0a20202273657269616c223a20352c0a2020226c696e65616765223a202231623532313632352d643737322d333863302d326634652d343163386635333763323638222c0a2020226f757470757473223a207b7d2c0a2020227265736f7572636573223a205b0a202020207b0a202020202020226d6f6465223a202264617461222c0a2020202020202274797065223a2022636f6465725f70726f766973696f6e6572222c0a202020202020226e616d65223a20226d65222c0a2020202020202270726f7669646572223a202270726f76696465725b5c2272656769737472792e7465727261666f726d2e696f2f636f6465722f636f6465725c225d222c0a20202020202022696e7374616e636573223a205b0a20202020202020207b0a2020202020202020202022736368656d615f76657273696f6e223a20302c0a202020202020202020202261747472696275746573223a207b0a2020202020202020202020202261726368223a2022616d643634222c0a202020202020202020202020226964223a202266653431386538312d623861302d346636392d383765612d613061353937373435653239222c0a202020202020202020202020226f73223a20226c696e7578220a202020202020202020207d2c0a202020202020202020202273656e7369746976655f61747472696275746573223a205b5d0a20202020202020207d0a2020202020205d0a202020207d2c0a202020207b0a202020202020226d6f6465223a202264617461222c0a2020202020202274797065223a2022636f6465725f776f726b7370616365222c0a202020202020226e616d65223a20226d65222c0a2020202020202270726f7669646572223a202270726f76696465725b5c2272656769737472792e7465727261666f726d2e696f2f636f6465722f636f6465725c225d222c0a20202020202022696e7374616e636573223a205b0a20202020202020207b0a2020202020202020202022736368656d615f76657273696f6e223a20302c0a202020202020202020202261747472696275746573223a207b0a202020202020202020202020226163636573735f706f7274223a20333233322c0a202020202020202020202020226163636573735f75726c223a2022687474703a2f2f3139322e3136382e312e3134363a33323332222c0a202020202020202020202020226964223a202262393035343762652d383837302d346436382d383138342d653862323234326237633031222c0a202020202020202020202020226e616d65223a20227465737431222c0a202020202020202020202020226f776e6572223a2022696d746865737570657276697a72222c0a202020202020202020202020226f776e65725f656d61696c223a2022222c0a202020202020202020202020226f776e65725f6964223a202230656439626566632d343931312d346363662d613865322d353539626637326461613934222c0a2020202020202020202020202273746172745f636f756e74223a20312c0a202020202020202020202020227472616e736974696f6e223a20227374617274220a202020202020202020207d2c0a202020202020202020202273656e7369746976655f61747472696275746573223a205b5d0a20202020202020207d0a2020202020205d0a202020207d2c0a202020207b0a202020202020226d6f6465223a20226d616e61676564222c0a2020202020202274797065223a2022636f6465725f6167656e74222c0a202020202020226e616d65223a20226d61696e222c0a2020202020202270726f7669646572223a202270726f76696465725b5c2272656769737472792e7465727261666f726d2e696f2f636f6465722f636f6465725c225d222c0a20202020202022696e7374616e636573223a205b0a20202020202020207b0a2020202020202020202022736368656d615f76657273696f6e223a20302c0a202020202020202020202261747472696275746573223a207b0a2020202020202020202020202261726368223a2022616d643634222c0a2020202020202020202020202261757468223a2022746f6b656e222c0a20202020202020202020202022646972223a206e756c6c2c0a20202020202020202020202022656e76223a207b0a2020202020202020202020202020224749545f415554484f525f454d41494c223a2022222c0a2020202020202020202020202020224749545f415554484f525f4e414d45223a2022696d746865737570657276697a72222c0a2020202020202020202020202020224749545f434f4d4d49545445525f454d41494c223a2022222c0a2020202020202020202020202020224749545f434f4d4d49545445525f4e414d45223a2022696d746865737570657276697a72220a2020202020202020202020207d2c0a202020202020202020202020226964223a202236313337353939642d346164362d346535382d623066612d613364316138386661356139222c0a20202020202020202020202022696e69745f736372697074223a202223212f7573722f62696e2f656e762073685c6e736574202d65757820706970656661696c5c6e42494e4152595f4c4f434154494f4e3d24286d6b74656d70202d64202d7420746d702e636f646572585858585858292f636f6465725c6e42494e4152595f55524c3d687474703a2f2f3139322e3136382e312e3134363a333233322f62696e2f636f6465722d6c696e75782d616d6436345c6e6966207768696368206375726c205c75303033652f6465762f6e756c6c20325c75303033655c7530303236313b207468656e5c6e5c746375726c202d6673534c205c22247b42494e4152595f55524c7d5c22202d6f205c22247b42494e4152595f4c4f434154494f4e7d5c225c6e656c69662077686963682077676574205c75303033652f6465762f6e756c6c20325c75303033655c7530303236313b207468656e5c6e5c7477676574202d71205c22247b42494e4152595f55524c7d5c22202d4f205c22247b42494e4152595f4c4f434154494f4e7d5c225c6e656c69662077686963682062757379626f78205c75303033652f6465762f6e756c6c20325c75303033655c7530303236313b207468656e5c6e5c7462757379626f782077676574202d71205c22247b42494e4152595f55524c7d5c22202d4f205c22247b42494e4152595f4c4f434154494f4e7d5c225c6e656c73655c6e5c746563686f205c226572726f723a206e6f20646f776e6c6f616420746f6f6c20666f756e642c20706c6561736520696e7374616c6c206375726c2c2077676574206f722062757379626f7820776765745c225c6e5c746578697420315c6e66695c6e63686d6f64202b78202442494e4152595f4c4f434154494f4e5c6e6578706f727420434f4445525f4147454e545f415554483d5c22746f6b656e5c225c6e6578706f727420434f4445525f4147454e545f55524c3d5c22687474703a2f2f3139322e3136382e312e3134363a333233322f5c225c6e65786563202442494e4152595f4c4f434154494f4e206167656e74222c0a202020202020202020202020226f73223a20226c696e7578222c0a20202020202020202020202022737461727475705f736372697074223a2022636f64652d736572766572202d2d61757468206e6f6e65222c0a20202020202020202020202022746f6b656e223a202263343237643131322d323364382d343633342d393934652d643635613739653731386663220a202020202020202020207d2c0a202020202020202020202273656e7369746976655f61747472696275746573223a205b5d2c0a202020202020202020202270726976617465223a2022626e567362413d3d222c0a2020202020202020202022646570656e64656e63696573223a205b0a20202020202020202020202022646174612e636f6465725f70726f766973696f6e65722e6d65222c0a20202020202020202020202022646174612e636f6465725f776f726b73706163652e6d65220a202020202020202020205d0a20202020202020207d0a2020202020205d0a202020207d2c0a202020207b0a202020202020226d6f6465223a20226d616e61676564222c0a2020202020202274797065223a2022636f6465725f617070222c0a202020202020226e616d65223a2022636f64652d736572766572222c0a2020202020202270726f7669646572223a202270726f76696465725b5c2272656769737472792e7465727261666f726d2e696f2f636f6465722f636f6465725c225d222c0a20202020202022696e7374616e636573223a205b0a20202020202020207b0a2020202020202020202022736368656d615f76657273696f6e223a20302c0a202020202020202020202261747472696275746573223a207b0a202020202020202020202020226167656e745f6964223a202236313337353939642d346164362d346535382d623066612d613364316138386661356139222c0a20202020202020202020202022636f6d6d616e64223a206e756c6c2c0a202020202020202020202020226865616c7468636865636b223a205b0a20202020202020202020202020207b0a2020202020202020202020202020202022696e74657276616c223a20332c0a20202020202020202020202020202020227468726573686f6c64223a2031302c0a202020202020202020202020202020202275726c223a2022687474703a2f2f6c6f63616c686f73743a383038302f6865616c74687a220a20202020202020202020202020207d0a2020202020202020202020205d2c0a2020202020202020202020202269636f6e223a20222f69636f6e2f636f64652e737667222c0a202020202020202020202020226964223a202233613538356263372d373565362d343038652d623062632d646336346534643362653061222c0a202020202020202020202020226e616d65223a206e756c6c2c0a2020202020202020202020202272656c61746976655f70617468223a206e756c6c2c0a20202020202020202020202022737562646f6d61696e223a206e756c6c2c0a2020202020202020202020202275726c223a2022687474703a2f2f6c6f63616c686f73743a383038302f3f666f6c6465723d2f686f6d652f636f646572220a202020202020202020207d2c0a202020202020202020202273656e7369746976655f61747472696275746573223a205b5d2c0a202020202020202020202270726976617465223a2022626e567362413d3d222c0a2020202020202020202022646570656e64656e63696573223a205b0a20202020202020202020202022636f6465725f6167656e742e6d61696e222c0a20202020202020202020202022646174612e636f6465725f70726f766973696f6e65722e6d65222c0a20202020202020202020202022646174612e636f6465725f776f726b73706163652e6d65220a202020202020202020205d0a20202020202020207d0a2020202020205d0a202020207d2c0a202020207b0a202020202020226d6f6465223a20226d616e61676564222c0a2020202020202274797065223a2022646f636b65725f636f6e7461696e6572222c0a202020202020226e616d65223a2022776f726b7370616365222c0a2020202020202270726f7669646572223a202270726f76696465725b5c2272656769737472792e7465727261666f726d2e696f2f6b7265757a7765726b65722f646f636b65725c225d222c0a20202020202022696e7374616e636573223a205b0a20202020202020207b0a2020202020202020202022696e6465785f6b6579223a20302c0a2020202020202020202022736368656d615f76657273696f6e223a20322c0a202020202020202020202261747472696275746573223a207b0a20202020202020202020202022617474616368223a2066616c73652c0a20202020202020202020202022627269646765223a2022222c0a202020202020202020202020226361706162696c6974696573223a205b5d2c0a20202020202020202020202022636f6d6d616e64223a205b5d2c0a20202020202020202020202022636f6e7461696e65725f6c6f6773223a206e756c6c2c0a202020202020202020202020226370755f736574223a2022222c0a202020202020202020202020226370755f736861726573223a20302c0a2020202020202020202020202264657374726f795f67726163655f7365636f6e6473223a206e756c6c2c0a2020202020202020202020202264657669636573223a205b5d2c0a20202020202020202020202022646e73223a205b0a202020202020202020202020202022312e312e312e31220a2020202020202020202020205d2c0a20202020202020202020202022646e735f6f707473223a206e756c6c2c0a20202020202020202020202022646e735f736561726368223a206e756c6c2c0a20202020202020202020202022646f6d61696e6e616d65223a2022222c0a20202020202020202020202022656e747279706f696e74223a205b0a2020202020202020202020202020227368222c0a2020202020202020202020202020222d63222c0a20202020202020202020202020202223212f7573722f62696e2f656e762073685c6e736574202d65757820706970656661696c5c6e42494e4152595f4c4f434154494f4e3d24286d6b74656d70202d64202d7420746d702e636f646572585858585858292f636f6465725c6e42494e4152595f55524c3d687474703a2f2f3139322e3136382e312e3134363a333233322f62696e2f636f6465722d6c696e75782d616d6436345c6e6966207768696368206375726c205c75303033652f6465762f6e756c6c20325c75303033655c7530303236313b207468656e5c6e5c746375726c202d6673534c205c22247b42494e4152595f55524c7d5c22202d6f205c22247b42494e4152595f4c4f434154494f4e7d5c225c6e656c69662077686963682077676574205c75303033652f6465762f6e756c6c20325c75303033655c7530303236313b207468656e5c6e5c7477676574202d71205c22247b42494e4152595f55524c7d5c22202d4f205c22247b42494e4152595f4c4f434154494f4e7d5c225c6e656c69662077686963682062757379626f78205c75303033652f6465762f6e756c6c20325c75303033655c7530303236313b207468656e5c6e5c7462757379626f782077676574202d71205c22247b42494e4152595f55524c7d5c22202d4f205c22247b42494e4152595f4c4f434154494f4e7d5c225c6e656c73655c6e5c746563686f205c226572726f723a206e6f20646f776e6c6f616420746f6f6c20666f756e642c20706c6561736520696e7374616c6c206375726c2c2077676574206f722062757379626f7820776765745c225c6e5c746578697420315c6e66695c6e63686d6f64202b78202442494e4152595f4c4f434154494f4e5c6e6578706f727420434f4445525f4147454e545f415554483d5c22746f6b656e5c225c6e6578706f727420434f4445525f4147454e545f55524c3d5c22687474703a2f2f3139322e3136382e312e3134363a333233322f5c225c6e65786563202442494e4152595f4c4f434154494f4e206167656e74220a2020202020202020202020205d2c0a20202020202020202020202022656e76223a205b0a202020202020202020202020202022434f4445525f4147454e545f544f4b454e3d63343237643131322d323364382d343633342d393934652d643635613739653731386663220a2020202020202020202020205d2c0a20202020202020202020202022657869745f636f6465223a206e756c6c2c0a2020202020202020202020202267617465776179223a20223137322e31372e302e31222c0a2020202020202020202020202267707573223a206e756c6c2c0a2020202020202020202020202267726f75705f616464223a206e756c6c2c0a202020202020202020202020226865616c7468636865636b223a206e756c6c2c0a20202020202020202020202022686f7374223a205b0a20202020202020202020202020207b0a2020202020202020202020202020202022686f7374223a2022686f73742e646f636b65722e696e7465726e616c222c0a20202020202020202020202020202020226970223a2022686f73742d67617465776179220a20202020202020202020202020207d0a2020202020202020202020205d2c0a20202020202020202020202022686f73746e616d65223a20227465737431222c0a202020202020202020202020226964223a202265656439366463633135393832396239613931656531336132313036623366383539383839366639396437313432373635323736393134653632386538313039222c0a20202020202020202020202022696d616765223a20227368613235363a32663565366139303562653439366363373931306133643838613362646536343033333733616462623734323861326364346262303938346236343364373731222c0a20202020202020202020202022696e6974223a2066616c73652c0a2020202020202020202020202269705f61646472657373223a20223137322e31372e302e33222c0a2020202020202020202020202269705f7072656669785f6c656e677468223a2031362c0a202020202020202020202020226970635f6d6f6465223a202270726976617465222c0a202020202020202020202020226c6162656c73223a205b5d2c0a202020202020202020202020226c696e6b73223a206e756c6c2c0a202020202020202020202020226c6f675f647269766572223a20226a6f75726e616c64222c0a202020202020202020202020226c6f675f6f707473223a206e756c6c2c0a202020202020202020202020226c6f6773223a2066616c73652c0a202020202020202020202020226d61785f72657472795f636f756e74223a20302c0a202020202020202020202020226d656d6f7279223a20302c0a202020202020202020202020226d656d6f72795f73776170223a20302c0a202020202020202020202020226d6f756e7473223a205b5d2c0a202020202020202020202020226d7573745f72756e223a20747275652c0a202020202020202020202020226e616d65223a2022636f6465722d696d746865737570657276697a722d7465737431222c0a202020202020202020202020226e6574776f726b5f616c696173223a206e756c6c2c0a202020202020202020202020226e6574776f726b5f64617461223a205b0a20202020202020202020202020207b0a202020202020202020202020202020202267617465776179223a20223137322e31372e302e31222c0a2020202020202020202020202020202022676c6f62616c5f697076365f61646472657373223a2022222c0a2020202020202020202020202020202022676c6f62616c5f697076365f7072656669785f6c656e677468223a20302c0a202020202020202020202020202020202269705f61646472657373223a20223137322e31372e302e33222c0a202020202020202020202020202020202269705f7072656669785f6c656e677468223a2031362c0a2020202020202020202020202020202022697076365f67617465776179223a2022222c0a20202020202020202020202020202020226e6574776f726b5f6e616d65223a2022627269646765220a20202020202020202020202020207d0a2020202020202020202020205d2c0a202020202020202020202020226e6574776f726b5f6d6f6465223a202264656661756c74222c0a202020202020202020202020226e6574776f726b73223a206e756c6c2c0a202020202020202020202020226e6574776f726b735f616476616e636564223a205b5d2c0a202020202020202020202020227069645f6d6f6465223a2022222c0a20202020202020202020202022706f727473223a205b5d2c0a2020202020202020202020202270726976696c65676564223a2066616c73652c0a202020202020202020202020227075626c6973685f616c6c5f706f727473223a2066616c73652c0a20202020202020202020202022726561645f6f6e6c79223a2066616c73652c0a2020202020202020202020202272656d6f76655f766f6c756d6573223a20747275652c0a2020202020202020202020202272657374617274223a20226e6f222c0a20202020202020202020202022726d223a2066616c73652c0a2020202020202020202020202272756e74696d65223a202272756e63222c0a2020202020202020202020202273656375726974795f6f707473223a205b5d2c0a2020202020202020202020202273686d5f73697a65223a2036342c0a202020202020202020202020227374617274223a20747275652c0a20202020202020202020202022737464696e5f6f70656e223a2066616c73652c0a2020202020202020202020202273746f705f7369676e616c223a2022222c0a2020202020202020202020202273746f705f74696d656f7574223a20302c0a2020202020202020202020202273746f726167655f6f707473223a206e756c6c2c0a2020202020202020202020202273797363746c73223a206e756c6c2c0a20202020202020202020202022746d706673223a206e756c6c2c0a20202020202020202020202022747479223a2066616c73652c0a20202020202020202020202022756c696d6974223a205b5d2c0a2020202020202020202020202275706c6f6164223a205b5d2c0a2020202020202020202020202275736572223a202231303030222c0a20202020202020202020202022757365726e735f6d6f6465223a2022222c0a20202020202020202020202022766f6c756d6573223a205b0a20202020202020202020202020207b0a2020202020202020202020202020202022636f6e7461696e65725f70617468223a20222f686f6d652f636f6465722f222c0a202020202020202020202020202020202266726f6d5f636f6e7461696e6572223a2022222c0a2020202020202020202020202020202022686f73745f70617468223a2022222c0a2020202020202020202020202020202022726561645f6f6e6c79223a2066616c73652c0a2020202020202020202020202020202022766f6c756d655f6e616d65223a2022636f6465722d696d746865737570657276697a722d74657374312d726f6f74220a20202020202020202020202020207d0a2020202020202020202020205d2c0a20202020202020202020202022776f726b696e675f646972223a20222f686f6d652f636f646572220a202020202020202020207d2c0a202020202020202020202273656e7369746976655f61747472696275746573223a205b0a2020202020202020202020205b0a20202020202020202020202020207b0a202020202020202020202020202020202274797065223a20226765745f61747472222c0a202020202020202020202020202020202276616c7565223a2022656e76220a20202020202020202020202020207d0a2020202020202020202020205d0a202020202020202020205d2c0a202020202020202020202270726976617465223a202265794a7a5932686c62574666646d567963326c7662694936496a496966513d3d222c0a2020202020202020202022646570656e64656e63696573223a205b0a20202020202020202020202022636f6465725f6167656e742e6d61696e222c0a20202020202020202020202022646174612e636f6465725f70726f766973696f6e65722e6d65222c0a20202020202020202020202022646174612e636f6465725f776f726b73706163652e6d65222c0a20202020202020202020202022646f636b65725f766f6c756d652e686f6d655f766f6c756d65220a202020202020202020205d0a20202020202020207d0a2020202020205d0a202020207d2c0a202020207b0a202020202020226d6f6465223a20226d616e61676564222c0a2020202020202274797065223a2022646f636b65725f766f6c756d65222c0a202020202020226e616d65223a2022686f6d655f766f6c756d65222c0a2020202020202270726f7669646572223a202270726f76696465725b5c2272656769737472792e7465727261666f726d2e696f2f6b7265757a7765726b65722f646f636b65725c225d222c0a20202020202022696e7374616e636573223a205b0a20202020202020207b0a2020202020202020202022736368656d615f76657273696f6e223a20312c0a202020202020202020202261747472696275746573223a207b0a20202020202020202020202022647269766572223a20226c6f63616c222c0a202020202020202020202020226472697665725f6f707473223a206e756c6c2c0a202020202020202020202020226964223a2022636f6465722d696d746865737570657276697a722d74657374312d726f6f74222c0a202020202020202020202020226c6162656c73223a205b5d2c0a202020202020202020202020226d6f756e74706f696e74223a20222f7661722f6c69622f646f636b65722f766f6c756d65732f636f6465722d696d746865737570657276697a722d74657374312d726f6f742f5f64617461222c0a202020202020202020202020226e616d65223a2022636f6465722d696d746865737570657276697a722d74657374312d726f6f74220a202020202020202020207d2c0a202020202020202020202273656e7369746976655f61747472696275746573223a205b5d2c0a202020202020202020202270726976617465223a202265794a7a5932686c62574666646d567963326c7662694936496a456966513d3d222c0a2020202020202020202022646570656e64656e63696573223a205b0a20202020202020202020202022646174612e636f6465725f776f726b73706163652e6d65220a202020202020202020205d0a20202020202020207d0a2020202020205d0a202020207d0a20205d0a7d0a0a', '4de9c41c-eb10-435a-8742-e8725e926a9d', '2022-11-09 13:05:43.876957+02') ON CONFLICT DO NOTHING;
INSERT INTO workspace_builds VALUES ('a7477610-c69b-46d6-97fb-d6a3425e1ab4', '2022-11-02 13:06:03.554876+02', '2022-11-02 13:06:08.659241+02', '2d72d32e-3021-4843-b582-d962fee897e2', '920baba5-4c64-4686-8b7d-d1bef5683eae', 'hopeful_herschel7', 1, 'start', '0ed9befc-4911-4ccf-a8e2-559bf72daa94', '\x7b0a20202276657273696f6e223a20342c0a2020227465727261666f726d5f76657273696f6e223a2022312e322e38222c0a20202273657269616c223a20352c0a2020226c696e65616765223a202230626637343762342d663639312d626461382d653066662d646336306230333566303932222c0a2020226f757470757473223a207b7d2c0a2020227265736f7572636573223a205b0a202020207b0a202020202020226d6f6465223a202264617461222c0a2020202020202274797065223a2022636f6465725f70726f766973696f6e6572222c0a202020202020226e616d65223a20226d65222c0a2020202020202270726f7669646572223a202270726f76696465725b5c2272656769737472792e7465727261666f726d2e696f2f636f6465722f636f6465725c225d222c0a20202020202022696e7374616e636573223a205b0a20202020202020207b0a2020202020202020202022736368656d615f76657273696f6e223a20302c0a202020202020202020202261747472696275746573223a207b0a2020202020202020202020202261726368223a2022616d643634222c0a202020202020202020202020226964223a202231306330316135302d626563312d343436632d623339352d356431383466626133363964222c0a202020202020202020202020226f73223a20226c696e7578220a202020202020202020207d2c0a202020202020202020202273656e7369746976655f61747472696275746573223a205b5d0a20202020202020207d0a2020202020205d0a202020207d2c0a202020207b0a202020202020226d6f6465223a202264617461222c0a2020202020202274797065223a2022636f6465725f776f726b7370616365222c0a202020202020226e616d65223a20226d65222c0a2020202020202270726f7669646572223a202270726f76696465725b5c2272656769737472792e7465727261666f726d2e696f2f636f6465722f636f6465725c225d222c0a20202020202022696e7374616e636573223a205b0a20202020202020207b0a2020202020202020202022736368656d615f76657273696f6e223a20302c0a202020202020202020202261747472696275746573223a207b0a202020202020202020202020226163636573735f706f7274223a20333233322c0a202020202020202020202020226163636573735f75726c223a2022687474703a2f2f3139322e3136382e312e3134363a33323332222c0a202020202020202020202020226964223a202232643732643332652d333032312d343834332d623538322d643936326665653839376532222c0a202020202020202020202020226e616d65223a20227363686564756c6564222c0a202020202020202020202020226f776e6572223a2022696d746865737570657276697a72222c0a202020202020202020202020226f776e65725f656d61696c223a2022222c0a202020202020202020202020226f776e65725f6964223a202230656439626566632d343931312d346363662d613865322d353539626637326461613934222c0a2020202020202020202020202273746172745f636f756e74223a20312c0a202020202020202020202020227472616e736974696f6e223a20227374617274220a202020202020202020207d2c0a202020202020202020202273656e7369746976655f61747472696275746573223a205b5d0a20202020202020207d0a2020202020205d0a202020207d2c0a202020207b0a202020202020226d6f6465223a20226d616e61676564222c0a2020202020202274797065223a2022636f6465725f6167656e74222c0a202020202020226e616d65223a20226d61696e222c0a2020202020202270726f7669646572223a202270726f76696465725b5c2272656769737472792e7465727261666f726d2e696f2f636f6465722f636f6465725c225d222c0a20202020202022696e7374616e636573223a205b0a20202020202020207b0a2020202020202020202022736368656d615f76657273696f6e223a20302c0a202020202020202020202261747472696275746573223a207b0a2020202020202020202020202261726368223a2022616d643634222c0a2020202020202020202020202261757468223a2022746f6b656e222c0a20202020202020202020202022646972223a206e756c6c2c0a20202020202020202020202022656e76223a207b0a2020202020202020202020202020224749545f415554484f525f454d41494c223a2022222c0a2020202020202020202020202020224749545f415554484f525f4e414d45223a2022696d746865737570657276697a72222c0a2020202020202020202020202020224749545f434f4d4d49545445525f454d41494c223a2022222c0a2020202020202020202020202020224749545f434f4d4d49545445525f4e414d45223a2022696d746865737570657276697a72220a2020202020202020202020207d2c0a202020202020202020202020226964223a202238383431383734642d306335632d343961622d616231302d326336623865353039343333222c0a20202020202020202020202022696e69745f736372697074223a202223212f7573722f62696e2f656e762073685c6e736574202d65757820706970656661696c5c6e42494e4152595f4c4f434154494f4e3d24286d6b74656d70202d64202d7420746d702e636f646572585858585858292f636f6465725c6e42494e4152595f55524c3d687474703a2f2f3139322e3136382e312e3134363a333233322f62696e2f636f6465722d6c696e75782d616d6436345c6e6966207768696368206375726c205c75303033652f6465762f6e756c6c20325c75303033655c7530303236313b207468656e5c6e5c746375726c202d6673534c205c22247b42494e4152595f55524c7d5c22202d6f205c22247b42494e4152595f4c4f434154494f4e7d5c225c6e656c69662077686963682077676574205c75303033652f6465762f6e756c6c20325c75303033655c7530303236313b207468656e5c6e5c7477676574202d71205c22247b42494e4152595f55524c7d5c22202d4f205c22247b42494e4152595f4c4f434154494f4e7d5c225c6e656c69662077686963682062757379626f78205c75303033652f6465762f6e756c6c20325c75303033655c7530303236313b207468656e5c6e5c7462757379626f782077676574202d71205c22247b42494e4152595f55524c7d5c22202d4f205c22247b42494e4152595f4c4f434154494f4e7d5c225c6e656c73655c6e5c746563686f205c226572726f723a206e6f20646f776e6c6f616420746f6f6c20666f756e642c20706c6561736520696e7374616c6c206375726c2c2077676574206f722062757379626f7820776765745c225c6e5c746578697420315c6e66695c6e63686d6f64202b78202442494e4152595f4c4f434154494f4e5c6e6578706f727420434f4445525f4147454e545f415554483d5c22746f6b656e5c225c6e6578706f727420434f4445525f4147454e545f55524c3d5c22687474703a2f2f3139322e3136382e312e3134363a333233322f5c225c6e65786563202442494e4152595f4c4f434154494f4e206167656e74222c0a202020202020202020202020226f73223a20226c696e7578222c0a20202020202020202020202022737461727475705f736372697074223a2022636f64652d736572766572202d2d61757468206e6f6e65222c0a20202020202020202020202022746f6b656e223a202239306363313330652d396633392d343130612d613537342d373431653339373837376331220a202020202020202020207d2c0a202020202020202020202273656e7369746976655f61747472696275746573223a205b5d2c0a202020202020202020202270726976617465223a2022626e567362413d3d222c0a2020202020202020202022646570656e64656e63696573223a205b0a20202020202020202020202022646174612e636f6465725f70726f766973696f6e65722e6d65222c0a20202020202020202020202022646174612e636f6465725f776f726b73706163652e6d65220a202020202020202020205d0a20202020202020207d0a2020202020205d0a202020207d2c0a202020207b0a202020202020226d6f6465223a20226d616e61676564222c0a2020202020202274797065223a2022636f6465725f617070222c0a202020202020226e616d65223a2022636f64652d736572766572222c0a2020202020202270726f7669646572223a202270726f76696465725b5c2272656769737472792e7465727261666f726d2e696f2f636f6465722f636f6465725c225d222c0a20202020202022696e7374616e636573223a205b0a20202020202020207b0a2020202020202020202022736368656d615f76657273696f6e223a20302c0a202020202020202020202261747472696275746573223a207b0a202020202020202020202020226167656e745f6964223a202238383431383734642d306335632d343961622d616231302d326336623865353039343333222c0a20202020202020202020202022636f6d6d616e64223a206e756c6c2c0a202020202020202020202020226865616c7468636865636b223a205b0a20202020202020202020202020207b0a2020202020202020202020202020202022696e74657276616c223a20332c0a20202020202020202020202020202020227468726573686f6c64223a2031302c0a202020202020202020202020202020202275726c223a2022687474703a2f2f6c6f63616c686f73743a383038302f6865616c74687a220a20202020202020202020202020207d0a2020202020202020202020205d2c0a2020202020202020202020202269636f6e223a20222f69636f6e2f636f64652e737667222c0a202020202020202020202020226964223a202238366163393065322d636338312d343164632d613136652d656563613534633861336337222c0a202020202020202020202020226e616d65223a206e756c6c2c0a2020202020202020202020202272656c61746976655f70617468223a206e756c6c2c0a20202020202020202020202022737562646f6d61696e223a206e756c6c2c0a2020202020202020202020202275726c223a2022687474703a2f2f6c6f63616c686f73743a383038302f3f666f6c6465723d2f686f6d652f636f646572220a202020202020202020207d2c0a202020202020202020202273656e7369746976655f61747472696275746573223a205b5d2c0a202020202020202020202270726976617465223a2022626e567362413d3d222c0a2020202020202020202022646570656e64656e63696573223a205b0a20202020202020202020202022636f6465725f6167656e742e6d61696e222c0a20202020202020202020202022646174612e636f6465725f70726f766973696f6e65722e6d65222c0a20202020202020202020202022646174612e636f6465725f776f726b73706163652e6d65220a202020202020202020205d0a20202020202020207d0a2020202020205d0a202020207d2c0a202020207b0a202020202020226d6f6465223a20226d616e61676564222c0a2020202020202274797065223a2022646f636b65725f636f6e7461696e6572222c0a202020202020226e616d65223a2022776f726b7370616365222c0a2020202020202270726f7669646572223a202270726f76696465725b5c2272656769737472792e7465727261666f726d2e696f2f6b7265757a7765726b65722f646f636b65725c225d222c0a20202020202022696e7374616e636573223a205b0a20202020202020207b0a2020202020202020202022696e6465785f6b6579223a20302c0a2020202020202020202022736368656d615f76657273696f6e223a20322c0a202020202020202020202261747472696275746573223a207b0a20202020202020202020202022617474616368223a2066616c73652c0a20202020202020202020202022627269646765223a2022222c0a202020202020202020202020226361706162696c6974696573223a205b5d2c0a20202020202020202020202022636f6d6d616e64223a205b5d2c0a20202020202020202020202022636f6e7461696e65725f6c6f6773223a206e756c6c2c0a202020202020202020202020226370755f736574223a2022222c0a202020202020202020202020226370755f736861726573223a20302c0a2020202020202020202020202264657374726f795f67726163655f7365636f6e6473223a206e756c6c2c0a2020202020202020202020202264657669636573223a205b5d2c0a20202020202020202020202022646e73223a205b0a202020202020202020202020202022312e312e312e31220a2020202020202020202020205d2c0a20202020202020202020202022646e735f6f707473223a206e756c6c2c0a20202020202020202020202022646e735f736561726368223a206e756c6c2c0a20202020202020202020202022646f6d61696e6e616d65223a2022222c0a20202020202020202020202022656e747279706f696e74223a205b0a2020202020202020202020202020227368222c0a2020202020202020202020202020222d63222c0a20202020202020202020202020202223212f7573722f62696e2f656e762073685c6e736574202d65757820706970656661696c5c6e42494e4152595f4c4f434154494f4e3d24286d6b74656d70202d64202d7420746d702e636f646572585858585858292f636f6465725c6e42494e4152595f55524c3d687474703a2f2f3139322e3136382e312e3134363a333233322f62696e2f636f6465722d6c696e75782d616d6436345c6e6966207768696368206375726c205c75303033652f6465762f6e756c6c20325c75303033655c7530303236313b207468656e5c6e5c746375726c202d6673534c205c22247b42494e4152595f55524c7d5c22202d6f205c22247b42494e4152595f4c4f434154494f4e7d5c225c6e656c69662077686963682077676574205c75303033652f6465762f6e756c6c20325c75303033655c7530303236313b207468656e5c6e5c7477676574202d71205c22247b42494e4152595f55524c7d5c22202d4f205c22247b42494e4152595f4c4f434154494f4e7d5c225c6e656c69662077686963682062757379626f78205c75303033652f6465762f6e756c6c20325c75303033655c7530303236313b207468656e5c6e5c7462757379626f782077676574202d71205c22247b42494e4152595f55524c7d5c22202d4f205c22247b42494e4152595f4c4f434154494f4e7d5c225c6e656c73655c6e5c746563686f205c226572726f723a206e6f20646f776e6c6f616420746f6f6c20666f756e642c20706c6561736520696e7374616c6c206375726c2c2077676574206f722062757379626f7820776765745c225c6e5c746578697420315c6e66695c6e63686d6f64202b78202442494e4152595f4c4f434154494f4e5c6e6578706f727420434f4445525f4147454e545f415554483d5c22746f6b656e5c225c6e6578706f727420434f4445525f4147454e545f55524c3d5c22687474703a2f2f3139322e3136382e312e3134363a333233322f5c225c6e65786563202442494e4152595f4c4f434154494f4e206167656e74220a2020202020202020202020205d2c0a20202020202020202020202022656e76223a205b0a202020202020202020202020202022434f4445525f4147454e545f544f4b454e3d39306363313330652d396633392d343130612d613537342d373431653339373837376331220a2020202020202020202020205d2c0a20202020202020202020202022657869745f636f6465223a206e756c6c2c0a2020202020202020202020202267617465776179223a20223137322e31372e302e31222c0a2020202020202020202020202267707573223a206e756c6c2c0a2020202020202020202020202267726f75705f616464223a206e756c6c2c0a202020202020202020202020226865616c7468636865636b223a206e756c6c2c0a20202020202020202020202022686f7374223a205b0a20202020202020202020202020207b0a2020202020202020202020202020202022686f7374223a2022686f73742e646f636b65722e696e7465726e616c222c0a20202020202020202020202020202020226970223a2022686f73742d67617465776179220a20202020202020202020202020207d0a2020202020202020202020205d2c0a20202020202020202020202022686f73746e616d65223a20227363686564756c6564222c0a202020202020202020202020226964223a202230333161646132656164343736366465303833333166303565643265356630643637343136363531373735376564663162393234383836623133353963616235222c0a20202020202020202020202022696d616765223a20227368613235363a32663565366139303562653439366363373931306133643838613362646536343033333733616462623734323861326364346262303938346236343364373731222c0a20202020202020202020202022696e6974223a2066616c73652c0a2020202020202020202020202269705f61646472657373223a20223137322e31372e302e34222c0a2020202020202020202020202269705f7072656669785f6c656e677468223a2031362c0a202020202020202020202020226970635f6d6f6465223a202270726976617465222c0a202020202020202020202020226c6162656c73223a205b5d2c0a202020202020202020202020226c696e6b73223a206e756c6c2c0a202020202020202020202020226c6f675f647269766572223a20226a6f75726e616c64222c0a202020202020202020202020226c6f675f6f707473223a206e756c6c2c0a202020202020202020202020226c6f6773223a2066616c73652c0a202020202020202020202020226d61785f72657472795f636f756e74223a20302c0a202020202020202020202020226d656d6f7279223a20302c0a202020202020202020202020226d656d6f72795f73776170223a20302c0a202020202020202020202020226d6f756e7473223a205b5d2c0a202020202020202020202020226d7573745f72756e223a20747275652c0a202020202020202020202020226e616d65223a2022636f6465722d696d746865737570657276697a722d7363686564756c6564222c0a202020202020202020202020226e6574776f726b5f616c696173223a206e756c6c2c0a202020202020202020202020226e6574776f726b5f64617461223a205b0a20202020202020202020202020207b0a202020202020202020202020202020202267617465776179223a20223137322e31372e302e31222c0a2020202020202020202020202020202022676c6f62616c5f697076365f61646472657373223a2022222c0a2020202020202020202020202020202022676c6f62616c5f697076365f7072656669785f6c656e677468223a20302c0a202020202020202020202020202020202269705f61646472657373223a20223137322e31372e302e34222c0a202020202020202020202020202020202269705f7072656669785f6c656e677468223a2031362c0a2020202020202020202020202020202022697076365f67617465776179223a2022222c0a20202020202020202020202020202020226e6574776f726b5f6e616d65223a2022627269646765220a20202020202020202020202020207d0a2020202020202020202020205d2c0a202020202020202020202020226e6574776f726b5f6d6f6465223a202264656661756c74222c0a202020202020202020202020226e6574776f726b73223a206e756c6c2c0a202020202020202020202020226e6574776f726b735f616476616e636564223a205b5d2c0a202020202020202020202020227069645f6d6f6465223a2022222c0a20202020202020202020202022706f727473223a205b5d2c0a2020202020202020202020202270726976696c65676564223a2066616c73652c0a202020202020202020202020227075626c6973685f616c6c5f706f727473223a2066616c73652c0a20202020202020202020202022726561645f6f6e6c79223a2066616c73652c0a2020202020202020202020202272656d6f76655f766f6c756d6573223a20747275652c0a2020202020202020202020202272657374617274223a20226e6f222c0a20202020202020202020202022726d223a2066616c73652c0a2020202020202020202020202272756e74696d65223a202272756e63222c0a2020202020202020202020202273656375726974795f6f707473223a205b5d2c0a2020202020202020202020202273686d5f73697a65223a2036342c0a202020202020202020202020227374617274223a20747275652c0a20202020202020202020202022737464696e5f6f70656e223a2066616c73652c0a2020202020202020202020202273746f705f7369676e616c223a2022222c0a2020202020202020202020202273746f705f74696d656f7574223a20302c0a2020202020202020202020202273746f726167655f6f707473223a206e756c6c2c0a2020202020202020202020202273797363746c73223a206e756c6c2c0a20202020202020202020202022746d706673223a206e756c6c2c0a20202020202020202020202022747479223a2066616c73652c0a20202020202020202020202022756c696d6974223a205b5d2c0a2020202020202020202020202275706c6f6164223a205b5d2c0a2020202020202020202020202275736572223a202231303030222c0a20202020202020202020202022757365726e735f6d6f6465223a2022222c0a20202020202020202020202022766f6c756d6573223a205b0a20202020202020202020202020207b0a2020202020202020202020202020202022636f6e7461696e65725f70617468223a20222f686f6d652f636f6465722f222c0a202020202020202020202020202020202266726f6d5f636f6e7461696e6572223a2022222c0a2020202020202020202020202020202022686f73745f70617468223a2022222c0a2020202020202020202020202020202022726561645f6f6e6c79223a2066616c73652c0a2020202020202020202020202020202022766f6c756d655f6e616d65223a2022636f6465722d696d746865737570657276697a722d7363686564756c65642d726f6f74220a20202020202020202020202020207d0a2020202020202020202020205d2c0a20202020202020202020202022776f726b696e675f646972223a20222f686f6d652f636f646572220a202020202020202020207d2c0a202020202020202020202273656e7369746976655f61747472696275746573223a205b0a2020202020202020202020205b0a20202020202020202020202020207b0a202020202020202020202020202020202274797065223a20226765745f61747472222c0a202020202020202020202020202020202276616c7565223a2022656e76220a20202020202020202020202020207d0a2020202020202020202020205d0a202020202020202020205d2c0a202020202020202020202270726976617465223a202265794a7a5932686c62574666646d567963326c7662694936496a496966513d3d222c0a2020202020202020202022646570656e64656e63696573223a205b0a20202020202020202020202022636f6465725f6167656e742e6d61696e222c0a20202020202020202020202022646174612e636f6465725f70726f766973696f6e65722e6d65222c0a20202020202020202020202022646174612e636f6465725f776f726b73706163652e6d65222c0a20202020202020202020202022646f636b65725f766f6c756d652e686f6d655f766f6c756d65220a202020202020202020205d0a20202020202020207d0a2020202020205d0a202020207d2c0a202020207b0a202020202020226d6f6465223a20226d616e61676564222c0a2020202020202274797065223a2022646f636b65725f766f6c756d65222c0a202020202020226e616d65223a2022686f6d655f766f6c756d65222c0a2020202020202270726f7669646572223a202270726f76696465725b5c2272656769737472792e7465727261666f726d2e696f2f6b7265757a7765726b65722f646f636b65725c225d222c0a20202020202022696e7374616e636573223a205b0a20202020202020207b0a2020202020202020202022736368656d615f76657273696f6e223a20312c0a202020202020202020202261747472696275746573223a207b0a20202020202020202020202022647269766572223a20226c6f63616c222c0a202020202020202020202020226472697665725f6f707473223a206e756c6c2c0a202020202020202020202020226964223a2022636f6465722d696d746865737570657276697a722d7363686564756c65642d726f6f74222c0a202020202020202020202020226c6162656c73223a205b5d2c0a202020202020202020202020226d6f756e74706f696e74223a20222f7661722f6c69622f646f636b65722f766f6c756d65732f636f6465722d696d746865737570657276697a722d7363686564756c65642d726f6f742f5f64617461222c0a202020202020202020202020226e616d65223a2022636f6465722d696d746865737570657276697a722d7363686564756c65642d726f6f74220a202020202020202020207d2c0a202020202020202020202273656e7369746976655f61747472696275746573223a205b5d2c0a202020202020202020202270726976617465223a202265794a7a5932686c62574666646d567963326c7662694936496a456966513d3d222c0a2020202020202020202022646570656e64656e63696573223a205b0a20202020202020202020202022646174612e636f6465725f776f726b73706163652e6d65220a202020202020202020205d0a20202020202020207d0a2020202020205d0a202020207d0a20205d0a7d0a0a', '424a58cb-61d6-4627-9907-613c396c4a38', '2022-11-05 21:06:08.659241+02') ON CONFLICT DO NOTHING;
INSERT INTO workspace_builds VALUES ('cd6fe03b-d6cf-4d5d-a448-cef52c3ddea2', '2022-11-02 13:08:07.136084+02', '2022-11-02 13:08:10.801094+02', 'b90547be-8870-4d68-8184-e8b2242b7c01', '4e681a60-83da-42c2-902e-6535376ebb77', 'exciting_spence5', 2, 'start', '0ed9befc-4911-4ccf-a8e2-559bf72daa94', '\x7b0a20202276657273696f6e223a20342c0a2020227465727261666f726d5f76657273696f6e223a2022312e322e38222c0a20202273657269616c223a20382c0a2020226c696e65616765223a202231623532313632352d643737322d333863302d326634652d343163386635333763323638222c0a2020226f757470757473223a207b7d2c0a2020227265736f7572636573223a205b0a202020207b0a202020202020226d6f6465223a202264617461222c0a2020202020202274797065223a2022636f6465725f70726f766973696f6e6572222c0a202020202020226e616d65223a20226d65222c0a2020202020202270726f7669646572223a202270726f76696465725b5c2272656769737472792e7465727261666f726d2e696f2f636f6465722f636f6465725c225d222c0a20202020202022696e7374616e636573223a205b0a20202020202020207b0a2020202020202020202022736368656d615f76657273696f6e223a20302c0a202020202020202020202261747472696275746573223a207b0a2020202020202020202020202261726368223a2022616d643634222c0a202020202020202020202020226964223a202261643237653534362d373665322d343461312d626566632d303465373336633764313336222c0a202020202020202020202020226f73223a20226c696e7578220a202020202020202020207d2c0a202020202020202020202273656e7369746976655f61747472696275746573223a205b5d0a20202020202020207d0a2020202020205d0a202020207d2c0a202020207b0a202020202020226d6f6465223a202264617461222c0a2020202020202274797065223a2022636f6465725f776f726b7370616365222c0a202020202020226e616d65223a20226d65222c0a2020202020202270726f7669646572223a202270726f76696465725b5c2272656769737472792e7465727261666f726d2e696f2f636f6465722f636f6465725c225d222c0a20202020202022696e7374616e636573223a205b0a20202020202020207b0a2020202020202020202022736368656d615f76657273696f6e223a20302c0a202020202020202020202261747472696275746573223a207b0a202020202020202020202020226163636573735f706f7274223a20333233322c0a202020202020202020202020226163636573735f75726c223a2022687474703a2f2f3139322e3136382e312e3134363a33323332222c0a202020202020202020202020226964223a202262393035343762652d383837302d346436382d383138342d653862323234326237633031222c0a202020202020202020202020226e616d65223a20227465737431222c0a202020202020202020202020226f776e6572223a2022696d746865737570657276697a72222c0a202020202020202020202020226f776e65725f656d61696c223a2022222c0a202020202020202020202020226f776e65725f6964223a202230656439626566632d343931312d346363662d613865322d353539626637326461613934222c0a2020202020202020202020202273746172745f636f756e74223a20312c0a202020202020202020202020227472616e736974696f6e223a20227374617274220a202020202020202020207d2c0a202020202020202020202273656e7369746976655f61747472696275746573223a205b5d0a20202020202020207d0a2020202020205d0a202020207d2c0a202020207b0a202020202020226d6f6465223a20226d616e61676564222c0a2020202020202274797065223a2022636f6465725f6167656e74222c0a202020202020226e616d65223a20226d61696e222c0a2020202020202270726f7669646572223a202270726f76696465725b5c2272656769737472792e7465727261666f726d2e696f2f636f6465722f636f6465725c225d222c0a20202020202022696e7374616e636573223a205b0a20202020202020207b0a2020202020202020202022736368656d615f76657273696f6e223a20302c0a202020202020202020202261747472696275746573223a207b0a2020202020202020202020202261726368223a2022616d643634222c0a2020202020202020202020202261757468223a2022746f6b656e222c0a20202020202020202020202022646972223a206e756c6c2c0a20202020202020202020202022656e76223a207b0a2020202020202020202020202020224749545f415554484f525f454d41494c223a2022222c0a2020202020202020202020202020224749545f415554484f525f4e414d45223a2022696d746865737570657276697a72222c0a2020202020202020202020202020224749545f434f4d4d49545445525f454d41494c223a2022222c0a2020202020202020202020202020224749545f434f4d4d49545445525f4e414d45223a2022696d746865737570657276697a72220a2020202020202020202020207d2c0a202020202020202020202020226964223a202236313337353939642d346164362d346535382d623066612d613364316138386661356139222c0a20202020202020202020202022696e69745f736372697074223a202223212f7573722f62696e2f656e762073685c6e736574202d65757820706970656661696c5c6e42494e4152595f4c4f434154494f4e3d24286d6b74656d70202d64202d7420746d702e636f646572585858585858292f636f6465725c6e42494e4152595f55524c3d687474703a2f2f3139322e3136382e312e3134363a333233322f62696e2f636f6465722d6c696e75782d616d6436345c6e6966207768696368206375726c205c75303033652f6465762f6e756c6c20325c75303033655c7530303236313b207468656e5c6e5c746375726c202d6673534c205c22247b42494e4152595f55524c7d5c22202d6f205c22247b42494e4152595f4c4f434154494f4e7d5c225c6e656c69662077686963682077676574205c75303033652f6465762f6e756c6c20325c75303033655c7530303236313b207468656e5c6e5c7477676574202d71205c22247b42494e4152595f55524c7d5c22202d4f205c22247b42494e4152595f4c4f434154494f4e7d5c225c6e656c69662077686963682062757379626f78205c75303033652f6465762f6e756c6c20325c75303033655c7530303236313b207468656e5c6e5c7462757379626f782077676574202d71205c22247b42494e4152595f55524c7d5c22202d4f205c22247b42494e4152595f4c4f434154494f4e7d5c225c6e656c73655c6e5c746563686f205c226572726f723a206e6f20646f776e6c6f616420746f6f6c20666f756e642c20706c6561736520696e7374616c6c206375726c2c2077676574206f722062757379626f7820776765745c225c6e5c746578697420315c6e66695c6e63686d6f64202b78202442494e4152595f4c4f434154494f4e5c6e6578706f727420434f4445525f4147454e545f415554483d5c22746f6b656e5c225c6e6578706f727420434f4445525f4147454e545f55524c3d5c22687474703a2f2f3139322e3136382e312e3134363a333233322f5c225c6e65786563202442494e4152595f4c4f434154494f4e206167656e74222c0a202020202020202020202020226f73223a20226c696e7578222c0a20202020202020202020202022737461727475705f736372697074223a2022636f64652d736572766572202d2d61757468206e6f6e65222c0a20202020202020202020202022746f6b656e223a202265383265376366312d396366632d346334372d623539312d323234333966366330306363220a202020202020202020207d2c0a202020202020202020202273656e7369746976655f61747472696275746573223a205b5d2c0a202020202020202020202270726976617465223a2022626e567362413d3d222c0a2020202020202020202022646570656e64656e63696573223a205b0a20202020202020202020202022646174612e636f6465725f70726f766973696f6e65722e6d65222c0a20202020202020202020202022646174612e636f6465725f776f726b73706163652e6d65220a202020202020202020205d0a20202020202020207d0a2020202020205d0a202020207d2c0a202020207b0a202020202020226d6f6465223a20226d616e61676564222c0a2020202020202274797065223a2022636f6465725f617070222c0a202020202020226e616d65223a2022636f64652d736572766572222c0a2020202020202270726f7669646572223a202270726f76696465725b5c2272656769737472792e7465727261666f726d2e696f2f636f6465722f636f6465725c225d222c0a20202020202022696e7374616e636573223a205b0a20202020202020207b0a2020202020202020202022736368656d615f76657273696f6e223a20302c0a202020202020202020202261747472696275746573223a207b0a202020202020202020202020226167656e745f6964223a202236313337353939642d346164362d346535382d623066612d613364316138386661356139222c0a20202020202020202020202022636f6d6d616e64223a206e756c6c2c0a202020202020202020202020226865616c7468636865636b223a205b0a20202020202020202020202020207b0a2020202020202020202020202020202022696e74657276616c223a20332c0a20202020202020202020202020202020227468726573686f6c64223a2031302c0a202020202020202020202020202020202275726c223a2022687474703a2f2f6c6f63616c686f73743a383038302f6865616c74687a220a20202020202020202020202020207d0a2020202020202020202020205d2c0a2020202020202020202020202269636f6e223a20222f69636f6e2f636f64652e737667222c0a202020202020202020202020226964223a202233613538356263372d373565362d343038652d623062632d646336346534643362653061222c0a202020202020202020202020226e616d65223a206e756c6c2c0a2020202020202020202020202272656c61746976655f70617468223a206e756c6c2c0a20202020202020202020202022737562646f6d61696e223a206e756c6c2c0a2020202020202020202020202275726c223a2022687474703a2f2f6c6f63616c686f73743a383038302f3f666f6c6465723d2f686f6d652f636f646572220a202020202020202020207d2c0a202020202020202020202273656e7369746976655f61747472696275746573223a205b5d2c0a202020202020202020202270726976617465223a2022626e567362413d3d222c0a2020202020202020202022646570656e64656e63696573223a205b0a20202020202020202020202022636f6465725f6167656e742e6d61696e222c0a20202020202020202020202022646174612e636f6465725f70726f766973696f6e65722e6d65222c0a20202020202020202020202022646174612e636f6465725f776f726b73706163652e6d65220a202020202020202020205d0a20202020202020207d0a2020202020205d0a202020207d2c0a202020207b0a202020202020226d6f6465223a20226d616e61676564222c0a2020202020202274797065223a2022646f636b65725f636f6e7461696e6572222c0a202020202020226e616d65223a2022776f726b7370616365222c0a2020202020202270726f7669646572223a202270726f76696465725b5c2272656769737472792e7465727261666f726d2e696f2f6b7265757a7765726b65722f646f636b65725c225d222c0a20202020202022696e7374616e636573223a205b0a20202020202020207b0a2020202020202020202022696e6465785f6b6579223a20302c0a2020202020202020202022736368656d615f76657273696f6e223a20322c0a202020202020202020202261747472696275746573223a207b0a20202020202020202020202022617474616368223a2066616c73652c0a20202020202020202020202022627269646765223a2022222c0a202020202020202020202020226361706162696c6974696573223a205b5d2c0a20202020202020202020202022636f6d6d616e64223a205b5d2c0a20202020202020202020202022636f6e7461696e65725f6c6f6773223a206e756c6c2c0a202020202020202020202020226370755f736574223a2022222c0a202020202020202020202020226370755f736861726573223a20302c0a2020202020202020202020202264657374726f795f67726163655f7365636f6e6473223a206e756c6c2c0a2020202020202020202020202264657669636573223a205b5d2c0a20202020202020202020202022646e73223a205b0a202020202020202020202020202022312e312e312e31220a2020202020202020202020205d2c0a20202020202020202020202022646e735f6f707473223a206e756c6c2c0a20202020202020202020202022646e735f736561726368223a206e756c6c2c0a20202020202020202020202022646f6d61696e6e616d65223a2022222c0a20202020202020202020202022656e747279706f696e74223a205b0a2020202020202020202020202020227368222c0a2020202020202020202020202020222d63222c0a20202020202020202020202020202223212f7573722f62696e2f656e762073685c6e736574202d65757820706970656661696c5c6e42494e4152595f4c4f434154494f4e3d24286d6b74656d70202d64202d7420746d702e636f646572585858585858292f636f6465725c6e42494e4152595f55524c3d687474703a2f2f3139322e3136382e312e3134363a333233322f62696e2f636f6465722d6c696e75782d616d6436345c6e6966207768696368206375726c205c75303033652f6465762f6e756c6c20325c75303033655c7530303236313b207468656e5c6e5c746375726c202d6673534c205c22247b42494e4152595f55524c7d5c22202d6f205c22247b42494e4152595f4c4f434154494f4e7d5c225c6e656c69662077686963682077676574205c75303033652f6465762f6e756c6c20325c75303033655c7530303236313b207468656e5c6e5c7477676574202d71205c22247b42494e4152595f55524c7d5c22202d4f205c22247b42494e4152595f4c4f434154494f4e7d5c225c6e656c69662077686963682062757379626f78205c75303033652f6465762f6e756c6c20325c75303033655c7530303236313b207468656e5c6e5c7462757379626f782077676574202d71205c22247b42494e4152595f55524c7d5c22202d4f205c22247b42494e4152595f4c4f434154494f4e7d5c225c6e656c73655c6e5c746563686f205c226572726f723a206e6f20646f776e6c6f616420746f6f6c20666f756e642c20706c6561736520696e7374616c6c206375726c2c2077676574206f722062757379626f7820776765745c225c6e5c746578697420315c6e66695c6e63686d6f64202b78202442494e4152595f4c4f434154494f4e5c6e6578706f727420434f4445525f4147454e545f415554483d5c22746f6b656e5c225c6e6578706f727420434f4445525f4147454e545f55524c3d5c22687474703a2f2f3139322e3136382e312e3134363a333233322f5c225c6e65786563202442494e4152595f4c4f434154494f4e206167656e74220a2020202020202020202020205d2c0a20202020202020202020202022656e76223a205b0a202020202020202020202020202022434f4445525f4147454e545f544f4b454e3d65383265376366312d396366632d346334372d623539312d323234333966366330306363220a2020202020202020202020205d2c0a20202020202020202020202022657869745f636f6465223a206e756c6c2c0a2020202020202020202020202267617465776179223a20223137322e31372e302e31222c0a2020202020202020202020202267707573223a206e756c6c2c0a2020202020202020202020202267726f75705f616464223a206e756c6c2c0a202020202020202020202020226865616c7468636865636b223a206e756c6c2c0a20202020202020202020202022686f7374223a205b0a20202020202020202020202020207b0a2020202020202020202020202020202022686f7374223a2022686f73742e646f636b65722e696e7465726e616c222c0a20202020202020202020202020202020226970223a2022686f73742d67617465776179220a20202020202020202020202020207d0a2020202020202020202020205d2c0a20202020202020202020202022686f73746e616d65223a20227465737431222c0a202020202020202020202020226964223a202238366438353962313262363531393136306435336239396434663031353562663661656565666264333364383866653933653265656365663232656236356465222c0a20202020202020202020202022696d616765223a20227368613235363a32663565366139303562653439366363373931306133643838613362646536343033333733616462623734323861326364346262303938346236343364373731222c0a20202020202020202020202022696e6974223a2066616c73652c0a2020202020202020202020202269705f61646472657373223a20223137322e31372e302e33222c0a2020202020202020202020202269705f7072656669785f6c656e677468223a2031362c0a202020202020202020202020226970635f6d6f6465223a202270726976617465222c0a202020202020202020202020226c6162656c73223a205b5d2c0a202020202020202020202020226c696e6b73223a206e756c6c2c0a202020202020202020202020226c6f675f647269766572223a20226a6f75726e616c64222c0a202020202020202020202020226c6f675f6f707473223a206e756c6c2c0a202020202020202020202020226c6f6773223a2066616c73652c0a202020202020202020202020226d61785f72657472795f636f756e74223a20302c0a202020202020202020202020226d656d6f7279223a20302c0a202020202020202020202020226d656d6f72795f73776170223a20302c0a202020202020202020202020226d6f756e7473223a205b5d2c0a202020202020202020202020226d7573745f72756e223a20747275652c0a202020202020202020202020226e616d65223a2022636f6465722d696d746865737570657276697a722d7465737431222c0a202020202020202020202020226e6574776f726b5f616c696173223a206e756c6c2c0a202020202020202020202020226e6574776f726b5f64617461223a205b0a20202020202020202020202020207b0a202020202020202020202020202020202267617465776179223a20223137322e31372e302e31222c0a2020202020202020202020202020202022676c6f62616c5f697076365f61646472657373223a2022222c0a2020202020202020202020202020202022676c6f62616c5f697076365f7072656669785f6c656e677468223a20302c0a202020202020202020202020202020202269705f61646472657373223a20223137322e31372e302e33222c0a202020202020202020202020202020202269705f7072656669785f6c656e677468223a2031362c0a2020202020202020202020202020202022697076365f67617465776179223a2022222c0a20202020202020202020202020202020226e6574776f726b5f6e616d65223a2022627269646765220a20202020202020202020202020207d0a2020202020202020202020205d2c0a202020202020202020202020226e6574776f726b5f6d6f6465223a202264656661756c74222c0a202020202020202020202020226e6574776f726b73223a206e756c6c2c0a202020202020202020202020226e6574776f726b735f616476616e636564223a205b5d2c0a202020202020202020202020227069645f6d6f6465223a2022222c0a20202020202020202020202022706f727473223a205b5d2c0a2020202020202020202020202270726976696c65676564223a2066616c73652c0a202020202020202020202020227075626c6973685f616c6c5f706f727473223a2066616c73652c0a20202020202020202020202022726561645f6f6e6c79223a2066616c73652c0a2020202020202020202020202272656d6f76655f766f6c756d6573223a20747275652c0a2020202020202020202020202272657374617274223a20226e6f222c0a20202020202020202020202022726d223a2066616c73652c0a2020202020202020202020202272756e74696d65223a202272756e63222c0a2020202020202020202020202273656375726974795f6f707473223a205b5d2c0a2020202020202020202020202273686d5f73697a65223a2036342c0a202020202020202020202020227374617274223a20747275652c0a20202020202020202020202022737464696e5f6f70656e223a2066616c73652c0a2020202020202020202020202273746f705f7369676e616c223a2022222c0a2020202020202020202020202273746f705f74696d656f7574223a20302c0a2020202020202020202020202273746f726167655f6f707473223a206e756c6c2c0a2020202020202020202020202273797363746c73223a206e756c6c2c0a20202020202020202020202022746d706673223a206e756c6c2c0a20202020202020202020202022747479223a2066616c73652c0a20202020202020202020202022756c696d6974223a205b5d2c0a2020202020202020202020202275706c6f6164223a205b5d2c0a2020202020202020202020202275736572223a202231303030222c0a20202020202020202020202022757365726e735f6d6f6465223a2022222c0a20202020202020202020202022766f6c756d6573223a205b0a20202020202020202020202020207b0a2020202020202020202020202020202022636f6e7461696e65725f70617468223a20222f686f6d652f636f6465722f222c0a202020202020202020202020202020202266726f6d5f636f6e7461696e6572223a2022222c0a2020202020202020202020202020202022686f73745f70617468223a2022222c0a2020202020202020202020202020202022726561645f6f6e6c79223a2066616c73652c0a2020202020202020202020202020202022766f6c756d655f6e616d65223a2022636f6465722d696d746865737570657276697a722d74657374312d726f6f74220a20202020202020202020202020207d0a2020202020202020202020205d2c0a20202020202020202020202022776f726b696e675f646972223a20222f686f6d652f636f646572220a202020202020202020207d2c0a202020202020202020202273656e7369746976655f61747472696275746573223a205b0a2020202020202020202020205b0a20202020202020202020202020207b0a202020202020202020202020202020202274797065223a20226765745f61747472222c0a202020202020202020202020202020202276616c7565223a2022656e76220a20202020202020202020202020207d0a2020202020202020202020205d0a202020202020202020205d2c0a202020202020202020202270726976617465223a202265794a7a5932686c62574666646d567963326c7662694936496a496966513d3d222c0a2020202020202020202022646570656e64656e63696573223a205b0a20202020202020202020202022636f6465725f6167656e742e6d61696e222c0a20202020202020202020202022646174612e636f6465725f776f726b73706163652e6d65222c0a20202020202020202020202022646f636b65725f766f6c756d652e686f6d655f766f6c756d65220a202020202020202020205d0a20202020202020207d0a2020202020205d0a202020207d2c0a202020207b0a202020202020226d6f6465223a20226d616e61676564222c0a2020202020202274797065223a2022646f636b65725f766f6c756d65222c0a202020202020226e616d65223a2022686f6d655f766f6c756d65222c0a2020202020202270726f7669646572223a202270726f76696465725b5c2272656769737472792e7465727261666f726d2e696f2f6b7265757a7765726b65722f646f636b65725c225d222c0a20202020202022696e7374616e636573223a205b0a20202020202020207b0a2020202020202020202022736368656d615f76657273696f6e223a20312c0a202020202020202020202261747472696275746573223a207b0a20202020202020202020202022647269766572223a20226c6f63616c222c0a202020202020202020202020226472697665725f6f707473223a207b7d2c0a202020202020202020202020226964223a2022636f6465722d696d746865737570657276697a722d74657374312d726f6f74222c0a202020202020202020202020226c6162656c73223a205b5d2c0a202020202020202020202020226d6f756e74706f696e74223a20222f7661722f6c69622f646f636b65722f766f6c756d65732f636f6465722d696d746865737570657276697a722d74657374312d726f6f742f5f64617461222c0a202020202020202020202020226e616d65223a2022636f6465722d696d746865737570657276697a722d74657374312d726f6f74220a202020202020202020207d2c0a202020202020202020202273656e7369746976655f61747472696275746573223a205b5d2c0a202020202020202020202270726976617465223a202265794a7a5932686c62574666646d567963326c7662694936496a456966513d3d222c0a2020202020202020202022646570656e64656e63696573223a205b0a20202020202020202020202022646174612e636f6465725f776f726b73706163652e6d65220a202020202020202020205d0a20202020202020207d0a2020202020205d0a202020207d0a20205d0a7d0a0a', '452e84e3-6847-4fcc-b8b2-ee43cd1f37fc', '2022-11-09 13:08:10.801094+02') ON CONFLICT DO NOTHING;
INSERT INTO workspace_builds VALUES ('b56215f2-3b5e-406a-ac54-41c284dc9af3', '2022-11-02 13:09:51.764313+02', '2022-11-02 13:09:54.749685+02', 'b90547be-8870-4d68-8184-e8b2242b7c01', '4e681a60-83da-42c2-902e-6535376ebb77', 'tender_shamir3', 3, 'stop', '0ed9befc-4911-4ccf-a8e2-559bf72daa94', '\x7b0a20202276657273696f6e223a20342c0a2020227465727261666f726d5f76657273696f6e223a2022312e322e38222c0a20202273657269616c223a2031302c0a2020226c696e65616765223a202231623532313632352d643737322d333863302d326634652d343163386635333763323638222c0a2020226f757470757473223a207b7d2c0a2020227265736f7572636573223a205b0a202020207b0a202020202020226d6f6465223a202264617461222c0a2020202020202274797065223a2022636f6465725f70726f766973696f6e6572222c0a202020202020226e616d65223a20226d65222c0a2020202020202270726f7669646572223a202270726f76696465725b5c2272656769737472792e7465727261666f726d2e696f2f636f6465722f636f6465725c225d222c0a20202020202022696e7374616e636573223a205b0a20202020202020207b0a2020202020202020202022736368656d615f76657273696f6e223a20302c0a202020202020202020202261747472696275746573223a207b0a2020202020202020202020202261726368223a2022616d643634222c0a202020202020202020202020226964223a202235386561326430392d393933622d343735342d386337642d306330656339343465326565222c0a202020202020202020202020226f73223a20226c696e7578220a202020202020202020207d2c0a202020202020202020202273656e7369746976655f61747472696275746573223a205b5d0a20202020202020207d0a2020202020205d0a202020207d2c0a202020207b0a202020202020226d6f6465223a202264617461222c0a2020202020202274797065223a2022636f6465725f776f726b7370616365222c0a202020202020226e616d65223a20226d65222c0a2020202020202270726f7669646572223a202270726f76696465725b5c2272656769737472792e7465727261666f726d2e696f2f636f6465722f636f6465725c225d222c0a20202020202022696e7374616e636573223a205b0a20202020202020207b0a2020202020202020202022736368656d615f76657273696f6e223a20302c0a202020202020202020202261747472696275746573223a207b0a202020202020202020202020226163636573735f706f7274223a20333233322c0a202020202020202020202020226163636573735f75726c223a2022687474703a2f2f3139322e3136382e312e3134363a33323332222c0a202020202020202020202020226964223a202262393035343762652d383837302d346436382d383138342d653862323234326237633031222c0a202020202020202020202020226e616d65223a20227465737431222c0a202020202020202020202020226f776e6572223a2022696d746865737570657276697a72222c0a202020202020202020202020226f776e65725f656d61696c223a2022222c0a202020202020202020202020226f776e65725f6964223a202230656439626566632d343931312d346363662d613865322d353539626637326461613934222c0a2020202020202020202020202273746172745f636f756e74223a20302c0a202020202020202020202020227472616e736974696f6e223a202273746f70220a202020202020202020207d2c0a202020202020202020202273656e7369746976655f61747472696275746573223a205b5d0a20202020202020207d0a2020202020205d0a202020207d2c0a202020207b0a202020202020226d6f6465223a20226d616e61676564222c0a2020202020202274797065223a2022636f6465725f6167656e74222c0a202020202020226e616d65223a20226d61696e222c0a2020202020202270726f7669646572223a202270726f76696465725b5c2272656769737472792e7465727261666f726d2e696f2f636f6465722f636f6465725c225d222c0a20202020202022696e7374616e636573223a205b0a20202020202020207b0a2020202020202020202022736368656d615f76657273696f6e223a20302c0a202020202020202020202261747472696275746573223a207b0a2020202020202020202020202261726368223a2022616d643634222c0a2020202020202020202020202261757468223a2022746f6b656e222c0a20202020202020202020202022646972223a206e756c6c2c0a20202020202020202020202022656e76223a207b0a2020202020202020202020202020224749545f415554484f525f454d41494c223a2022222c0a2020202020202020202020202020224749545f415554484f525f4e414d45223a2022696d746865737570657276697a72222c0a2020202020202020202020202020224749545f434f4d4d49545445525f454d41494c223a2022222c0a2020202020202020202020202020224749545f434f4d4d49545445525f4e414d45223a2022696d746865737570657276697a72220a2020202020202020202020207d2c0a202020202020202020202020226964223a202236313337353939642d346164362d346535382d623066612d613364316138386661356139222c0a20202020202020202020202022696e69745f736372697074223a202223212f7573722f62696e2f656e762073685c6e736574202d65757820706970656661696c5c6e42494e4152595f4c4f434154494f4e3d24286d6b74656d70202d64202d7420746d702e636f646572585858585858292f636f6465725c6e42494e4152595f55524c3d687474703a2f2f3139322e3136382e312e3134363a333233322f62696e2f636f6465722d6c696e75782d616d6436345c6e6966207768696368206375726c205c75303033652f6465762f6e756c6c20325c75303033655c7530303236313b207468656e5c6e5c746375726c202d6673534c205c22247b42494e4152595f55524c7d5c22202d6f205c22247b42494e4152595f4c4f434154494f4e7d5c225c6e656c69662077686963682077676574205c75303033652f6465762f6e756c6c20325c75303033655c7530303236313b207468656e5c6e5c7477676574202d71205c22247b42494e4152595f55524c7d5c22202d4f205c22247b42494e4152595f4c4f434154494f4e7d5c225c6e656c69662077686963682062757379626f78205c75303033652f6465762f6e756c6c20325c75303033655c7530303236313b207468656e5c6e5c7462757379626f782077676574202d71205c22247b42494e4152595f55524c7d5c22202d4f205c22247b42494e4152595f4c4f434154494f4e7d5c225c6e656c73655c6e5c746563686f205c226572726f723a206e6f20646f776e6c6f616420746f6f6c20666f756e642c20706c6561736520696e7374616c6c206375726c2c2077676574206f722062757379626f7820776765745c225c6e5c746578697420315c6e66695c6e63686d6f64202b78202442494e4152595f4c4f434154494f4e5c6e6578706f727420434f4445525f4147454e545f415554483d5c22746f6b656e5c225c6e6578706f727420434f4445525f4147454e545f55524c3d5c22687474703a2f2f3139322e3136382e312e3134363a333233322f5c225c6e65786563202442494e4152595f4c4f434154494f4e206167656e74222c0a202020202020202020202020226f73223a20226c696e7578222c0a20202020202020202020202022737461727475705f736372697074223a2022636f64652d736572766572202d2d61757468206e6f6e65222c0a20202020202020202020202022746f6b656e223a202237303637643239342d393061392d343733342d613935622d306630316236363636633034220a202020202020202020207d2c0a202020202020202020202273656e7369746976655f61747472696275746573223a205b5d2c0a202020202020202020202270726976617465223a2022626e567362413d3d222c0a2020202020202020202022646570656e64656e63696573223a205b0a20202020202020202020202022646174612e636f6465725f70726f766973696f6e65722e6d65222c0a20202020202020202020202022646174612e636f6465725f776f726b73706163652e6d65220a202020202020202020205d0a20202020202020207d0a2020202020205d0a202020207d2c0a202020207b0a202020202020226d6f6465223a20226d616e61676564222c0a2020202020202274797065223a2022636f6465725f617070222c0a202020202020226e616d65223a2022636f64652d736572766572222c0a2020202020202270726f7669646572223a202270726f76696465725b5c2272656769737472792e7465727261666f726d2e696f2f636f6465722f636f6465725c225d222c0a20202020202022696e7374616e636573223a205b0a20202020202020207b0a2020202020202020202022736368656d615f76657273696f6e223a20302c0a202020202020202020202261747472696275746573223a207b0a202020202020202020202020226167656e745f6964223a202236313337353939642d346164362d346535382d623066612d613364316138386661356139222c0a20202020202020202020202022636f6d6d616e64223a206e756c6c2c0a202020202020202020202020226865616c7468636865636b223a205b0a20202020202020202020202020207b0a2020202020202020202020202020202022696e74657276616c223a20332c0a20202020202020202020202020202020227468726573686f6c64223a2031302c0a202020202020202020202020202020202275726c223a2022687474703a2f2f6c6f63616c686f73743a383038302f6865616c74687a220a20202020202020202020202020207d0a2020202020202020202020205d2c0a2020202020202020202020202269636f6e223a20222f69636f6e2f636f64652e737667222c0a202020202020202020202020226964223a202233613538356263372d373565362d343038652d623062632d646336346534643362653061222c0a202020202020202020202020226e616d65223a206e756c6c2c0a2020202020202020202020202272656c61746976655f70617468223a206e756c6c2c0a20202020202020202020202022737562646f6d61696e223a206e756c6c2c0a2020202020202020202020202275726c223a2022687474703a2f2f6c6f63616c686f73743a383038302f3f666f6c6465723d2f686f6d652f636f646572220a202020202020202020207d2c0a202020202020202020202273656e7369746976655f61747472696275746573223a205b5d2c0a202020202020202020202270726976617465223a2022626e567362413d3d222c0a2020202020202020202022646570656e64656e63696573223a205b0a20202020202020202020202022636f6465725f6167656e742e6d61696e222c0a20202020202020202020202022646174612e636f6465725f70726f766973696f6e65722e6d65222c0a20202020202020202020202022646174612e636f6465725f776f726b73706163652e6d65220a202020202020202020205d0a20202020202020207d0a2020202020205d0a202020207d2c0a202020207b0a202020202020226d6f6465223a20226d616e61676564222c0a2020202020202274797065223a2022646f636b65725f766f6c756d65222c0a202020202020226e616d65223a2022686f6d655f766f6c756d65222c0a2020202020202270726f7669646572223a202270726f76696465725b5c2272656769737472792e7465727261666f726d2e696f2f6b7265757a7765726b65722f646f636b65725c225d222c0a20202020202022696e7374616e636573223a205b0a20202020202020207b0a2020202020202020202022736368656d615f76657273696f6e223a20312c0a202020202020202020202261747472696275746573223a207b0a20202020202020202020202022647269766572223a20226c6f63616c222c0a202020202020202020202020226472697665725f6f707473223a207b7d2c0a202020202020202020202020226964223a2022636f6465722d696d746865737570657276697a722d74657374312d726f6f74222c0a202020202020202020202020226c6162656c73223a205b5d2c0a202020202020202020202020226d6f756e74706f696e74223a20222f7661722f6c69622f646f636b65722f766f6c756d65732f636f6465722d696d746865737570657276697a722d74657374312d726f6f742f5f64617461222c0a202020202020202020202020226e616d65223a2022636f6465722d696d746865737570657276697a722d74657374312d726f6f74220a202020202020202020207d2c0a202020202020202020202273656e7369746976655f61747472696275746573223a205b5d2c0a202020202020202020202270726976617465223a202265794a7a5932686c62574666646d567963326c7662694936496a456966513d3d222c0a2020202020202020202022646570656e64656e63696573223a205b0a20202020202020202020202022646174612e636f6465725f776f726b73706163652e6d65220a202020202020202020205d0a20202020202020207d0a2020202020205d0a202020207d0a20205d0a7d0a0a', '52874f66-89cc-4e6b-8066-80ba21ad9e57', '2022-11-09 13:09:54.749685+02') ON CONFLICT DO NOTHING;
INSERT INTO workspace_builds VALUES ('2bfa1945-e81f-44e4-8f41-394200f6cb30', '2022-11-02 13:10:42.104687+02', '2022-11-02 13:10:45.60543+02', '2d72d32e-3021-4843-b582-d962fee897e2', '920baba5-4c64-4686-8b7d-d1bef5683eae', 'adoring_satoshi8', 2, 'stop', '30095c71-380b-457a-8995-97b8ee6e5307', '\x7b0a20202276657273696f6e223a20342c0a2020227465727261666f726d5f76657273696f6e223a2022312e322e38222c0a20202273657269616c223a20372c0a2020226c696e65616765223a202230626637343762342d663639312d626461382d653066662d646336306230333566303932222c0a2020226f757470757473223a207b7d2c0a2020227265736f7572636573223a205b0a202020207b0a202020202020226d6f6465223a202264617461222c0a2020202020202274797065223a2022636f6465725f70726f766973696f6e6572222c0a202020202020226e616d65223a20226d65222c0a2020202020202270726f7669646572223a202270726f76696465725b5c2272656769737472792e7465727261666f726d2e696f2f636f6465722f636f6465725c225d222c0a20202020202022696e7374616e636573223a205b0a20202020202020207b0a2020202020202020202022736368656d615f76657273696f6e223a20302c0a202020202020202020202261747472696275746573223a207b0a2020202020202020202020202261726368223a2022616d643634222c0a202020202020202020202020226964223a202261396262396332372d613533622d343532342d383231622d363464336266326461343763222c0a202020202020202020202020226f73223a20226c696e7578220a202020202020202020207d2c0a202020202020202020202273656e7369746976655f61747472696275746573223a205b5d0a20202020202020207d0a2020202020205d0a202020207d2c0a202020207b0a202020202020226d6f6465223a202264617461222c0a2020202020202274797065223a2022636f6465725f776f726b7370616365222c0a202020202020226e616d65223a20226d65222c0a2020202020202270726f7669646572223a202270726f76696465725b5c2272656769737472792e7465727261666f726d2e696f2f636f6465722f636f6465725c225d222c0a20202020202022696e7374616e636573223a205b0a20202020202020207b0a2020202020202020202022736368656d615f76657273696f6e223a20302c0a202020202020202020202261747472696275746573223a207b0a202020202020202020202020226163636573735f706f7274223a20333233322c0a202020202020202020202020226163636573735f75726c223a2022687474703a2f2f3139322e3136382e312e3134363a33323332222c0a202020202020202020202020226964223a202232643732643332652d333032312d343834332d623538322d643936326665653839376532222c0a202020202020202020202020226e616d65223a20227363686564756c6564222c0a202020202020202020202020226f776e6572223a2022696d746865737570657276697a72222c0a202020202020202020202020226f776e65725f656d61696c223a2022222c0a202020202020202020202020226f776e65725f6964223a202230656439626566632d343931312d346363662d613865322d353539626637326461613934222c0a2020202020202020202020202273746172745f636f756e74223a20302c0a202020202020202020202020227472616e736974696f6e223a202273746f70220a202020202020202020207d2c0a202020202020202020202273656e7369746976655f61747472696275746573223a205b5d0a20202020202020207d0a2020202020205d0a202020207d2c0a202020207b0a202020202020226d6f6465223a20226d616e61676564222c0a2020202020202274797065223a2022636f6465725f6167656e74222c0a202020202020226e616d65223a20226d61696e222c0a2020202020202270726f7669646572223a202270726f76696465725b5c2272656769737472792e7465727261666f726d2e696f2f636f6465722f636f6465725c225d222c0a20202020202022696e7374616e636573223a205b0a20202020202020207b0a2020202020202020202022736368656d615f76657273696f6e223a20302c0a202020202020202020202261747472696275746573223a207b0a2020202020202020202020202261726368223a2022616d643634222c0a2020202020202020202020202261757468223a2022746f6b656e222c0a20202020202020202020202022646972223a206e756c6c2c0a20202020202020202020202022656e76223a207b0a2020202020202020202020202020224749545f415554484f525f454d41494c223a2022222c0a2020202020202020202020202020224749545f415554484f525f4e414d45223a2022696d746865737570657276697a72222c0a2020202020202020202020202020224749545f434f4d4d49545445525f454d41494c223a2022222c0a2020202020202020202020202020224749545f434f4d4d49545445525f4e414d45223a2022696d746865737570657276697a72220a2020202020202020202020207d2c0a202020202020202020202020226964223a202238383431383734642d306335632d343961622d616231302d326336623865353039343333222c0a20202020202020202020202022696e69745f736372697074223a202223212f7573722f62696e2f656e762073685c6e736574202d65757820706970656661696c5c6e42494e4152595f4c4f434154494f4e3d24286d6b74656d70202d64202d7420746d702e636f646572585858585858292f636f6465725c6e42494e4152595f55524c3d687474703a2f2f3139322e3136382e312e3134363a333233322f62696e2f636f6465722d6c696e75782d616d6436345c6e6966207768696368206375726c205c75303033652f6465762f6e756c6c20325c75303033655c7530303236313b207468656e5c6e5c746375726c202d6673534c205c22247b42494e4152595f55524c7d5c22202d6f205c22247b42494e4152595f4c4f434154494f4e7d5c225c6e656c69662077686963682077676574205c75303033652f6465762f6e756c6c20325c75303033655c7530303236313b207468656e5c6e5c7477676574202d71205c22247b42494e4152595f55524c7d5c22202d4f205c22247b42494e4152595f4c4f434154494f4e7d5c225c6e656c69662077686963682062757379626f78205c75303033652f6465762f6e756c6c20325c75303033655c7530303236313b207468656e5c6e5c7462757379626f782077676574202d71205c22247b42494e4152595f55524c7d5c22202d4f205c22247b42494e4152595f4c4f434154494f4e7d5c225c6e656c73655c6e5c746563686f205c226572726f723a206e6f20646f776e6c6f616420746f6f6c20666f756e642c20706c6561736520696e7374616c6c206375726c2c2077676574206f722062757379626f7820776765745c225c6e5c746578697420315c6e66695c6e63686d6f64202b78202442494e4152595f4c4f434154494f4e5c6e6578706f727420434f4445525f4147454e545f415554483d5c22746f6b656e5c225c6e6578706f727420434f4445525f4147454e545f55524c3d5c22687474703a2f2f3139322e3136382e312e3134363a333233322f5c225c6e65786563202442494e4152595f4c4f434154494f4e206167656e74222c0a202020202020202020202020226f73223a20226c696e7578222c0a20202020202020202020202022737461727475705f736372697074223a2022636f64652d736572766572202d2d61757468206e6f6e65222c0a20202020202020202020202022746f6b656e223a202234613131613336662d626230662d343764342d623737302d653430346166306465626535220a202020202020202020207d2c0a202020202020202020202273656e7369746976655f61747472696275746573223a205b5d2c0a202020202020202020202270726976617465223a2022626e567362413d3d222c0a2020202020202020202022646570656e64656e63696573223a205b0a20202020202020202020202022646174612e636f6465725f70726f766973696f6e65722e6d65222c0a20202020202020202020202022646174612e636f6465725f776f726b73706163652e6d65220a202020202020202020205d0a20202020202020207d0a2020202020205d0a202020207d2c0a202020207b0a202020202020226d6f6465223a20226d616e61676564222c0a2020202020202274797065223a2022636f6465725f617070222c0a202020202020226e616d65223a2022636f64652d736572766572222c0a2020202020202270726f7669646572223a202270726f76696465725b5c2272656769737472792e7465727261666f726d2e696f2f636f6465722f636f6465725c225d222c0a20202020202022696e7374616e636573223a205b0a20202020202020207b0a2020202020202020202022736368656d615f76657273696f6e223a20302c0a202020202020202020202261747472696275746573223a207b0a202020202020202020202020226167656e745f6964223a202238383431383734642d306335632d343961622d616231302d326336623865353039343333222c0a20202020202020202020202022636f6d6d616e64223a206e756c6c2c0a202020202020202020202020226865616c7468636865636b223a205b0a20202020202020202020202020207b0a2020202020202020202020202020202022696e74657276616c223a20332c0a20202020202020202020202020202020227468726573686f6c64223a2031302c0a202020202020202020202020202020202275726c223a2022687474703a2f2f6c6f63616c686f73743a383038302f6865616c74687a220a20202020202020202020202020207d0a2020202020202020202020205d2c0a2020202020202020202020202269636f6e223a20222f69636f6e2f636f64652e737667222c0a202020202020202020202020226964223a202238366163393065322d636338312d343164632d613136652d656563613534633861336337222c0a202020202020202020202020226e616d65223a206e756c6c2c0a2020202020202020202020202272656c61746976655f70617468223a206e756c6c2c0a20202020202020202020202022737562646f6d61696e223a206e756c6c2c0a2020202020202020202020202275726c223a2022687474703a2f2f6c6f63616c686f73743a383038302f3f666f6c6465723d2f686f6d652f636f646572220a202020202020202020207d2c0a202020202020202020202273656e7369746976655f61747472696275746573223a205b5d2c0a202020202020202020202270726976617465223a2022626e567362413d3d222c0a2020202020202020202022646570656e64656e63696573223a205b0a20202020202020202020202022636f6465725f6167656e742e6d61696e222c0a20202020202020202020202022646174612e636f6465725f70726f766973696f6e65722e6d65222c0a20202020202020202020202022646174612e636f6465725f776f726b73706163652e6d65220a202020202020202020205d0a20202020202020207d0a2020202020205d0a202020207d2c0a202020207b0a202020202020226d6f6465223a20226d616e61676564222c0a2020202020202274797065223a2022646f636b65725f766f6c756d65222c0a202020202020226e616d65223a2022686f6d655f766f6c756d65222c0a2020202020202270726f7669646572223a202270726f76696465725b5c2272656769737472792e7465727261666f726d2e696f2f6b7265757a7765726b65722f646f636b65725c225d222c0a20202020202022696e7374616e636573223a205b0a20202020202020207b0a2020202020202020202022736368656d615f76657273696f6e223a20312c0a202020202020202020202261747472696275746573223a207b0a20202020202020202020202022647269766572223a20226c6f63616c222c0a202020202020202020202020226472697665725f6f707473223a207b7d2c0a202020202020202020202020226964223a2022636f6465722d696d746865737570657276697a722d7363686564756c65642d726f6f74222c0a202020202020202020202020226c6162656c73223a205b5d2c0a202020202020202020202020226d6f756e74706f696e74223a20222f7661722f6c69622f646f636b65722f766f6c756d65732f636f6465722d696d746865737570657276697a722d7363686564756c65642d726f6f742f5f64617461222c0a202020202020202020202020226e616d65223a2022636f6465722d696d746865737570657276697a722d7363686564756c65642d726f6f74220a202020202020202020207d2c0a202020202020202020202273656e7369746976655f61747472696275746573223a205b5d2c0a202020202020202020202270726976617465223a202265794a7a5932686c62574666646d567963326c7662694936496a456966513d3d222c0a2020202020202020202022646570656e64656e63696573223a205b0a20202020202020202020202022646174612e636f6465725f776f726b73706163652e6d65220a202020202020202020205d0a20202020202020207d0a2020202020205d0a202020207d0a20205d0a7d0a0a', 'd842dc52-93b9-46ed-842d-d1569b50ddfc', '2022-11-05 21:10:45.60543+02') ON CONFLICT DO NOTHING;


--
-- Name: licenses_id_seq; Type: SEQUENCE SET; Schema: public; Owner: coder
--

SELECT pg_catalog.setval('licenses_id_seq', 1, false);


--
-- PostgreSQL database dump complete
--

